PMID	ENSURE_ID	Index	Related_disease	sup-tRNA_gene	missing_origin_seq	missing_sup_seq	missing_origin_ss	missing_sup_ss	missing_pdbid	origin_seq	sup_seq
2602139	ensure-1013	1013	Model protein		1	1	1	1	0		
2602139	ensure-1014	1014	Model protein		1	1	1	1	0		
2602139	ensure-1015	1015	Model protein		1	1	1	1	0		
6363071	ensure-994	994	Model protein		1	1	1	1	0		
9447966	ensure-995	995	Model protein	sup-5	1	1	1	1	0		
9447966	ensure-996	996	Model protein	sup-7 	1	1	1	1	0		
9447966	ensure-997	997	Model protein	sup-24	1	1	1	1	0		
9447966	ensure-998	998	Model protein	sup-28	1	1	1	1	0		
9447966	ensure-999	999	Model protein	sup-29	1	1	1	1	0		
11866580	ensure-1019	1019	Model protein		1	1	1	1	0		
15222758	ensure-1012	1012	Model protein		1	0	1	0	0		GGUUCUAUAGUAUAGCGGUUAGUACUGGGGACUCUAAAUCCCUUGACCUGGGUUCCAAUCCCAGUAGGACCUC
17685515	ensure-1022	1022	Model protein		1	1	1	1	0		
17685515	ensure-1023	1023	Model protein		1	1	1	1	0		
17685515	ensure-1024	1024	Model protein		1	1	1	1	0		
17685515	ensure-1025	1025	Model protein		1	1	1	1	0		
17685515	ensure-1028	1028	Model protein		1	1	1	1	0		
17685515	ensure-1029	1029	Model protein		1	1	1	1	0		
17685515	ensure-1030	1030	Model protein		1	1	1	1	0		
17685515	ensure-1031	1031	Model protein		1	1	1	1	0		
17698637	ensure-1020	1020	Model protein	ENAS	1	1	1	1	0		
17698637	ensure-1021	1021	Model protein	THG73	1	1	1	1	0		
19378306	ensure-1005	1005	Model protein		1	1	1	1	0		
19378306	ensure-1006	1006	Model protein		1	1	1	1	0		
19749377	ensure-1010	1010	Model protein		1	1	1	1	0		
19749377	ensure-1011	1011	Model protein		1	1	1	1	0		
23274575	ensure-836	836	Model protein		1	0	1	0	0		GGGAACCUGAUCAUGUAGAUCGAAUGGACUCUAAAUCCGUUUAGCCGGGUUAGAUUCCCGGGGUUUCCGCCA
23379331	ensure-849	849	Model protein		1	0	1	0	0		GGAAACCUGAUCAUGUAGAUCGAUGGACUCUAAAUCCGUUCAGCCGGGUUAGAUUCCCGGGGUUUCCGCCA
30778053	ensure-90	90	Model protein	GGCAGCATAGCAGAGTGGTTCAGGTTACAGGTTCAAGATGTAAACTGAGTTCAAATCCCAGTTCTGCCA	1	0	1	0	0		GGCAGCAUAGCAGAGUGGUUCAGGUUACAGGUUCAAGAUGUAAACUGAGUUCAAAUCCCAGUUCUGCCA
30778053	ensure-91	91	Model protein	TGGTGTAATAGGTAGCACAGAGAATTCTAGATTCTCAGGGGTAGGTTCAATTCCTAT	1	0	1	0	0		UGGUGUAAUAGGUAGCACAGAGAAUUCUAGAUUCUCAGGGGUAGGUUCAAUUCCUAU
30778053	ensure-92	92	Model protein	TAGGACATGGTGTGATAGGTAGCATGGAGAATTCTAGATTCTCAGGGGTAGGTTCAATTCCTACAGTTCTAG	1	0	1	0	0		UAGGACAUGGUGUGAUAGGUAGCAUGGAGAAUUCUAGAUUCUCAGGGGUAGGUUCAAUUCCUACAGUUCUAG
30778053	ensure-93	93	Model protein	TAGGACGTGGTGTGATAGGTAGCATGGGGAATTCTAGATTCTCAGGGGTGGGTTCAATTCCTATAGTTCTAG	1	0	1	0	0		UAGGACGUGGUGUGAUAGGUAGCAUGGGGAAUUCUAGAUUCUCAGGGGUGGGUUCAAUUCCUAUAGUUCUAG
30778053	ensure-94	94	Model protein	TAGGACGTGGTGTAGTAGGTAGCATGGAGAATGCTAAATTCTCAGGGGTAGGTTCAATTCCTATAGTTCTAG	1	0	1	0	0		UAGGACGUGGUGUAGUAGGUAGCAUGGAGAAUGCUAAAUUCUCAGGGGUAGGUUCAAUUCCUAUAGUUCUAG
30778053	ensure-95	95	Model protein	TAGGACATGGTGTAATAGGTAGAATGGAGAATTCTAAATTCTCAGGGGTAGGTTCAATTCCTATAGTTCTAG	1	0	1	0	0		UAGGACAUGGUGUAAUAGGUAGAAUGGAGAAUUCUAAAUUCUCAGGGGUAGGUUCAAUUCCUAUAGUUCUAG
30778053	ensure-96	96	Model protein	TAGGATGTGGTGTATTAGGTAGCACAGAGAATTCTAGATTCTCAGGGGTAGGTTCGATTCCTATAATTCTAC	1	0	1	0	0		UAGGAUGUGGUGUAUUAGGUAGCACAGAGAAUUCUAGAUUCUCAGGGGUAGGUUCGAUUCCUAUAAUUCUAC
30778053	ensure-97	97	Model protein	TAGGACTTGGTGTAATGGGTAGCACAGAGAATTCTAGATTCTCAGGGGTGGGTTCAATTCCTTTCGTCCTAG	1	0	1	0	0		UAGGACUUGGUGUAAUGGGUAGCACAGAGAAUUCUAGAUUCUCAGGGGUGGGUUCAAUUCCUUUCGUCCUAG
30778053	ensure-98	98	Model protein	TCTAGGATGTGGTGTGATAGGTAGCATGGAGAATTCTAGATTCTCAGGGGTAGGTTCAATTCCTATATTCTAGAA	1	0	1	0	0		UCUAGGAUGUGGUGUGAUAGGUAGCAUGGAGAAUUCUAGAUUCUCAGGGGUAGGUUCAAUUCCUAUAUUCUAGAA
30778053	ensure-99	99	Model protein	TAGGACGTGGTGTGATAGGTAGCATGGAGAATTCTAGATTCTCAGGGATGGGTTCAATTCCTATAGTCCTAG	1	0	1	0	0		UAGGACGUGGUGUGAUAGGUAGCAUGGAGAAUUCUAGAUUCUCAGGGAUGGGUUCAAUUCCUAUAGUCCUAG
30778053	ensure-100	100	Model protein	TAGGACGTGGTGTGATAGGTAGCACGGAGAATTCTAGATTCTCAGGGATGGGTTCAATTCCTGTAGTTCTAG	1	0	1	0	0		UAGGACGUGGUGUGAUAGGUAGCACGGAGAAUUCUAGAUUCUCAGGGAUGGGUUCAAUUCCUGUAGUUCUAG
30778053	ensure-114	114	Model protein	GTTTCCATGGTGTAATGGTGAGCACTCTGGACTCTAAATCCAGAAATACATTCAAAGAATTAAGAACA	1	0	1	0	0		GUUUCCAUGGUGUAAUGGUGAGCACUCUGGACUCUAAAUCCAGAAAUACAUUCAAAGAAUUAAGAACA
30778053	ensure-122	122	Model protein	TGGTGTAATAGGTAGCACAGAGAATTTTAGATTCTCAGGGGTAGGTTCAATTCCTAT	1	0	1	0	0		UGGUGUAAUAGGUAGCACAGAGAAUUUUAGAUUCUCAGGGGUAGGUUCAAUUCCUAU
30778053	ensure-123	123	Model protein	TAGGACATGGTGTGATAGGTAGCATGGAGAATTTTAGATTCTCAGGGGTAGGTTCAATTCCTACAGTTCTAG	1	0	1	0	0		UAGGACAUGGUGUGAUAGGUAGCAUGGAGAAUUUUAGAUUCUCAGGGGUAGGUUCAAUUCCUACAGUUCUAG
30778053	ensure-124	124	Model protein	TAGGACGTGGTGTGATAGGTAGCATGGGGAATTTTAGATTCTCAGGGGTGGGTTCAATTCCTATAGTTCTAG	1	0	1	0	0		UAGGACGUGGUGUGAUAGGUAGCAUGGGGAAUUUUAGAUUCUCAGGGGUGGGUUCAAUUCCUAUAGUUCUAG
30778053	ensure-125	125	Model protein	TAGGACGTGGTGTAGTAGGTAGCATGGAGAATGTTAAATTCTCAGGGGTAGGTTCAATTCCTATAGTTCTAG	1	0	1	0	0		UAGGACGUGGUGUAGUAGGUAGCAUGGAGAAUGUUAAAUUCUCAGGGGUAGGUUCAAUUCCUAUAGUUCUAG
30778053	ensure-126	126	Model protein	TAGGACATGGTGTAATAGGTAGAATGGAGAATTTTAAATTCTCAGGGGTAGGTTCAATTCCTATAGTTCTAG	1	0	1	0	0		UAGGACAUGGUGUAAUAGGUAGAAUGGAGAAUUUUAAAUUCUCAGGGGUAGGUUCAAUUCCUAUAGUUCUAG
30778053	ensure-127	127	Model protein	TAGGATGTGGTGTATTAGGTAGCACAGAGAATTTTAGATTCTCAGGGGTAGGTTCGATTCCTATAATTCTAC	1	0	1	0	0		UAGGAUGUGGUGUAUUAGGUAGCACAGAGAAUUUUAGAUUCUCAGGGGUAGGUUCGAUUCCUAUAAUUCUAC
30778053	ensure-128	128	Model protein	TAGGACTTGGTGTAATGGGTAGCACAGAGAATTTTAGATTCTCAGGGGTGGGTTCAATTCCTTTCGTCCTAG	1	0	1	0	0		UAGGACUUGGUGUAAUGGGUAGCACAGAGAAUUUUAGAUUCUCAGGGGUGGGUUCAAUUCCUUUCGUCCUAG
30778053	ensure-129	129	Model protein	TCTAGGATGTGGTGTGATAGGTAGCATGGAGAATTTTAGATTCTCAGGGGTAGGTTCAATTCCTATATTCTAGAA	1	0	1	0	0		UCUAGGAUGUGGUGUGAUAGGUAGCAUGGAGAAUUUUAGAUUCUCAGGGGUAGGUUCAAUUCCUAUAUUCUAGAA
30778053	ensure-130	130	Model protein	TAGGACGTGGTGTGATAGGTAGCATGGAGAATTTTAGATTCTCAGGGATGGGTTCAATTCCTATAGTCCTAG	1	0	1	0	0		UAGGACGUGGUGUGAUAGGUAGCAUGGAGAAUUUUAGAUUCUCAGGGAUGGGUUCAAUUCCUAUAGUCCUAG
30778053	ensure-131	131	Model protein	TAGGACGTGGTGTGATAGGTAGCACGGAGAATTTTAGATTCTCAGGGATGGGTTCAATTCCTGTAGTTCTAG	1	0	1	0	0		UAGGACGUGGUGUGAUAGGUAGCACGGAGAAUUUUAGAUUCUCAGGGAUGGGUUCAAUUCCUGUAGUUCUAG
30778053	ensure-145	145	Model protein	GTTTCCATGGTGTAATGGTGAGCACTCTGGACTTTAAATCCAGAAATACATTCAAAGAATTAAGAACA	1	0	1	0	0		GUUUCCAUGGUGUAAUGGUGAGCACUCUGGACUUUAAAUCCAGAAAUACAUUCAAAGAAUUAAGAACA
30778053	ensure-167	167	Model protein	GCAATGGTGGTTCAGTGGTAGAATTCTCGCCTTTAACACAGGAGACCCGGGTTCAATTCCTGACCCATGTA	1	0	1	0	0		GCAAUGGUGGUUCAGUGGUAGAAUUCUCGCCUUUAACACAGGAGACCCGGGUUCAAUUCCUGACCCAUGUA
30778053	ensure-182	182	Model protein	GCAATGGTGGTTCAGTGGTAGAATTCTCGCCTCTAACACAGGAGACCCGGGTTCAATTCCTGACCCATGTA	1	0	1	0	0		GCAAUGGUGGUUCAGUGGUAGAAUUCUCGCCUCUAACACAGGAGACCCGGGUUCAAUUCCUGACCCAUGUA
30778053	ensure-185	185	Model protein	GGTAAAATGGCTGAGTAAGCTTTAGACTTTAAATCTAAAGAGAGATTGAGCTCTCTTTTTACCA	1	0	1	0	0		GGUAAAAUGGCUGAGUAAGCUUUAGACUUUAAAUCUAAAGAGAGAUUGAGCUCUCUUUUUACCA
30778053	ensure-186	186	Model protein	GGTAAAATGACTGAGTAAGCATTAGACTTTAAATCTAAAGACAGAGGTCAAGACCTCTTTTTACCA	1	0	1	0	0		GGUAAAAUGACUGAGUAAGCAUUAGACUUUAAAUCUAAAGACAGAGGUCAAGACCUCUUUUUACCA
30778053	ensure-187	187	Model protein	GGTAAAATGGCTGAGTAAGCATTAGACTTTAAATCTAAAGACAGAGGTCAAGGCCTCTTTTTACCA	1	0	1	0	0		GGUAAAAUGGCUGAGUAAGCAUUAGACUUUAAAUCUAAAGACAGAGGUCAAGGCCUCUUUUUACCA
30778053	ensure-188	188	Model protein	GGTAAAATGGCTGAGTAAGCATTAGACTTTAAATCTAAAGACAGAGGTCAAGGCCTTTTTACCA	1	0	1	0	0		GGUAAAAUGGCUGAGUAAGCAUUAGACUUUAAAUCUAAAGACAGAGGUCAAGGCCUUUUUACCA
30778053	ensure-192	192	Model protein	TATAGCTCAGTGGTAGAGCATTTAACTTTAGATCAAGAGGTCCCTGGATCAACTCTGGGTG	1	0	1	0	0		UAUAGCUCAGUGGUAGAGCAUUUAACUUUAGAUCAAGAGGUCCCUGGAUCAACUCUGGGUG
30778053	ensure-193	193	Model protein	GTCAGTGTTGCACAACGGTTAAGTGAAGAGGCTTTAAACCCAGACTGGATGGGTTCAATTCCCATCTCTGCCG	1	0	1	0	0		GUCAGUGUUGCACAACGGUUAAGUGAAGAGGCUUUAAACCCAGACUGGAUGGGUUCAAUUCCCAUCUCUGCCG
30778053	ensure-218	218	Model protein	GGTAAAATGGCTGAGTGAAGCATTGGACTTTAAATCTAAAGACAGGGGTTAAGCCTCTTTTTACCA	1	0	1	0	0		GGUAAAAUGGCUGAGUGAAGCAUUGGACUUUAAAUCUAAAGACAGGGGUUAAGCCUCUUUUUACCA
30778053	ensure-219	219	Model protein	GGTAAAATGGCTGAGCAAGCATTGGACTTTAAATCTAAAGACAGATGTTGAGCCATCTTTTTAGCA	1	0	1	0	0		GGUAAAAUGGCUGAGCAAGCAUUGGACUUUAAAUCUAAAGACAGAUGUUGAGCCAUCUUUUUAGCA
30778053	ensure-220	220	Model protein	GGTAAAATGGCTGAGTGAAGCATTGGACTTTAAATCTAAAGACAGGGGCTAAGCCTCTTTTTACCA	1	0	1	0	0		GGUAAAAUGGCUGAGUGAAGCAUUGGACUUUAAAUCUAAAGACAGGGGCUAAGCCUCUUUUUACCA
30778053	ensure-221	221	Model protein	GGTAAAATGGCTGAGCAAGCATTAGACTTTAAATCTAAAGACAGAGGTTAAGGCCTCTTTTTACCA	1	0	1	0	0		GGUAAAAUGGCUGAGCAAGCAUUAGACUUUAAAUCUAAAGACAGAGGUUAAGGCCUCUUUUUACCA
30778053	ensure-222	222	Model protein	GGTAAAATGGCTGAGTAAGCATTAGACTTTAAATCTAAAGACAGAGGTCAAGGCCTCTTTTTTCCT	1	0	1	0	0		GGUAAAAUGGCUGAGUAAGCAUUAGACUUUAAAUCUAAAGACAGAGGUCAAGGCCUCUUUUUUCCU
30778053	ensure-223	223	Model protein	GGTAAAATGGCTGAGCAAGCATTAGACTTTAAATCTGAAAACAGAGGTCAAAGGTCTCTTTTTACCA	1	0	1	0	0		GGUAAAAUGGCUGAGCAAGCAUUAGACUUUAAAUCUGAAAACAGAGGUCAAAGGUCUCUUUUUACCA
30778053	ensure-224	224	Model protein	GGTAAAATGGCTGAGTAAGCATTAGACTTTAAATCTAAAGACAGAGGTCAAGGCCTCTTTTTACCA	1	0	1	0	0		GGUAAAAUGGCUGAGUAAGCAUUAGACUUUAAAUCUAAAGACAGAGGUCAAGGCCUCUUUUUACCA
30778053	ensure-225	225	Model protein	GGTAAAATGACTGAATAAGCCTTAGACTTTAAATCTGAAGACAGAGGTCAAGGCCTCTTTTTACCA	1	0	1	0	0		GGUAAAAUGACUGAAUAAGCCUUAGACUUUAAAUCUGAAGACAGAGGUCAAGGCCUCUUUUUACCA
30778053	ensure-226	226	Model protein	GGTAAAATGGCTGAGTAAGCATTGGACTTTAAATCTAAAGACAGAGGTCAAGACCTCTTTTTACCA	1	0	1	0	0		GGUAAAAUGGCUGAGUAAGCAUUGGACUUUAAAUCUAAAGACAGAGGUCAAGACCUCUUUUUACCA
30778053	ensure-227	227	Model protein	GGTAAAATGGCTGAGTAAAGCATTAGACTTTAAATCTAAGGACAGAGGCTAAACCTCTTTTTACCA	1	0	1	0	0		GGUAAAAUGGCUGAGUAAAGCAUUAGACUUUAAAUCUAAGGACAGAGGCUAAACCUCUUUUUACCA
30778053	ensure-230	230	Model protein	GGTAAAATGGCTGAGTAAGCTTTAGACTCTAAATCTAAAGAGAGATTGAGCTCTCTTTTTACCA	1	0	1	0	0		GGUAAAAUGGCUGAGUAAGCUUUAGACUCUAAAUCUAAAGAGAGAUUGAGCUCUCUUUUUACCA
30778053	ensure-231	231	Model protein	GGTAAAATGACTGAGTAAGCATTAGACTCTAAATCTAAAGACAGAGGTCAAGACCTCTTTTTACCA	1	0	1	0	0		GGUAAAAUGACUGAGUAAGCAUUAGACUCUAAAUCUAAAGACAGAGGUCAAGACCUCUUUUUACCA
30778053	ensure-232	232	Model protein	GGTAAAATGGCTGAGTAAGCATTAGACTCTAAATCTAAAGACAGAGGTCAAGGCCTCTTTTTACCA	1	0	1	0	0		GGUAAAAUGGCUGAGUAAGCAUUAGACUCUAAAUCUAAAGACAGAGGUCAAGGCCUCUUUUUACCA
30778053	ensure-233	233	Model protein	GGTAAAATGGCTGAGTAAGCATTAGACTCTAAATCTAAAGACAGAGGTCAAGGCCTTTTTACCA	1	0	1	0	0		GGUAAAAUGGCUGAGUAAGCAUUAGACUCUAAAUCUAAAGACAGAGGUCAAGGCCUUUUUACCA
30778053	ensure-237	237	Model protein	TATAGCTCAGTGGTAGAGCATTTAACTCTAGATCAAGAGGTCCCTGGATCAACTCTGGGTG	1	0	1	0	0		UAUAGCUCAGUGGUAGAGCAUUUAACUCUAGAUCAAGAGGUCCCUGGAUCAACUCUGGGUG
30778053	ensure-238	238	Model protein	GTCAGTGTTGCACAACGGTTAAGTGAAGAGGCTCTAAACCCAGACTGGATGGGTTCAATTCCCATCTCTGCCG	1	0	1	0	0		GUCAGUGUUGCACAACGGUUAAGUGAAGAGGCUCUAAACCCAGACUGGAUGGGUUCAAUUCCCAUCUCUGCCG
30778053	ensure-263	263	Model protein	GGTAAAATGGCTGAGTGAAGCATTGGACTCTAAATCTAAAGACAGGGGTTAAGCCTCTTTTTACCA	1	0	1	0	0		GGUAAAAUGGCUGAGUGAAGCAUUGGACUCUAAAUCUAAAGACAGGGGUUAAGCCUCUUUUUACCA
30778053	ensure-264	264	Model protein	GGTAAAATGGCTGAGCAAGCATTGGACTCTAAATCTAAAGACAGATGTTGAGCCATCTTTTTAGCA	1	0	1	0	0		GGUAAAAUGGCUGAGCAAGCAUUGGACUCUAAAUCUAAAGACAGAUGUUGAGCCAUCUUUUUAGCA
30778053	ensure-265	265	Model protein	GGTAAAATGGCTGAGTGAAGCATTGGACTCTAAATCTAAAGACAGGGGCTAAGCCTCTTTTTACCA	1	0	1	0	0		GGUAAAAUGGCUGAGUGAAGCAUUGGACUCUAAAUCUAAAGACAGGGGCUAAGCCUCUUUUUACCA
30778053	ensure-266	266	Model protein	GGTAAAATGGCTGAGCAAGCATTAGACTCTAAATCTAAAGACAGAGGTTAAGGCCTCTTTTTACCA	1	0	1	0	0		GGUAAAAUGGCUGAGCAAGCAUUAGACUCUAAAUCUAAAGACAGAGGUUAAGGCCUCUUUUUACCA
30778053	ensure-267	267	Model protein	GGTAAAATGGCTGAGTAAGCATTAGACTCTAAATCTAAAGACAGAGGTCAAGGCCTCTTTTTTCCT	1	0	1	0	0		GGUAAAAUGGCUGAGUAAGCAUUAGACUCUAAAUCUAAAGACAGAGGUCAAGGCCUCUUUUUUCCU
30778053	ensure-268	268	Model protein	GGTAAAATGGCTGAGCAAGCATTAGACTCTAAATCTGAAAACAGAGGTCAAAGGTCTCTTTTTACCA	1	0	1	0	0		GGUAAAAUGGCUGAGCAAGCAUUAGACUCUAAAUCUGAAAACAGAGGUCAAAGGUCUCUUUUUACCA
30778053	ensure-269	269	Model protein	GGTAAAATGGCTGAGTAAGCATTAGACTCTAAATCTAAAGACAGAGGTCAAGGCCTCTTTTTACCA	1	0	1	0	0		GGUAAAAUGGCUGAGUAAGCAUUAGACUCUAAAUCUAAAGACAGAGGUCAAGGCCUCUUUUUACCA
30778053	ensure-270	270	Model protein	GGTAAAATGACTGAATAAGCCTTAGACTCTAAATCTGAAGACAGAGGTCAAGGCCTCTTTTTACCA	1	0	1	0	0		GGUAAAAUGACUGAAUAAGCCUUAGACUCUAAAUCUGAAGACAGAGGUCAAGGCCUCUUUUUACCA
30778053	ensure-271	271	Model protein	GGTAAAATGGCTGAGTAAGCATTGGACTCTAAATCTAAAGACAGAGGTCAAGACCTCTTTTTACCA	1	0	1	0	0		GGUAAAAUGGCUGAGUAAGCAUUGGACUCUAAAUCUAAAGACAGAGGUCAAGACCUCUUUUUACCA
30778053	ensure-272	272	Model protein	GGTAAAATGGCTGAGTAAAGCATTAGACTCTAAATCTAAGGACAGAGGCTAAACCTCTTTTTACCA	1	0	1	0	0		GGUAAAAUGGCUGAGUAAAGCAUUAGACUCUAAAUCUAAGGACAGAGGCUAAACCUCUUUUUACCA
30778053	ensure-273	273	Model protein	GTTAAGATGGCAGAGCCTGGTAATTGCATTAAACTTAAAATTTTATAATCAGAGGTTCAACTCCTCTTCTTAACA	1	0	1	0	0		GUUAAGAUGGCAGAGCCUGGUAAUUGCAUUAAACUUAAAAUUUUAUAAUCAGAGGUUCAACUCCUCUUCUUAACA
30778053	ensure-274	274	Model protein	GTTAAGATGGCAGAGCCCGGCAATTGCATTAGACTTAAAACTTTATAATCAGAGGTTCAACTCCTCTCATTAACA	1	0	1	0	0		GUUAAGAUGGCAGAGCCCGGCAAUUGCAUUAGACUUAAAACUUUAUAAUCAGAGGUUCAACUCCUCUCAUUAACA
30778053	ensure-292	292	Model protein	GGTTCCATGGTGTAATGGTGAGCACTCTGGACTTTAAATCCAGAAGTAGTGCTGGAACAA	1	0	1	0	0		GGUUCCAUGGUGUAAUGGUGAGCACUCUGGACUUUAAAUCCAGAAGUAGUGCUGGAACAA
30778053	ensure-299	299	Model protein	GAGAAAGTCATCGTAGTTACGAAGTTGGCTTTAACCCAGTTTTGGGAGGTTCAATTCCTTCCTTTCTCT	1	0	1	0	0		GAGAAAGUCAUCGUAGUUACGAAGUUGGCUUUAACCCAGUUUUGGGAGGUUCAAUUCCUUCCUUUCUCU
30778053	ensure-305	305	Model protein	GTTAAGATGGCAGAGCCTGGTAATTGCACTAAACTTAAAATTTTATAATCAGAGGTTCAACTCCTCTTCTTAACA	1	0	1	0	0		GUUAAGAUGGCAGAGCCUGGUAAUUGCACUAAACUUAAAAUUUUAUAAUCAGAGGUUCAACUCCUCUUCUUAACA
30778053	ensure-306	306	Model protein	GTTAAGATGGCAGAGCCCGGCAATTGCACTAGACTTAAAACTTTATAATCAGAGGTTCAACTCCTCTCATTAACA	1	0	1	0	0		GUUAAGAUGGCAGAGCCCGGCAAUUGCACUAGACUUAAAACUUUAUAAUCAGAGGUUCAACUCCUCUCAUUAACA
30778053	ensure-324	324	Model protein	GGTTCCATGGTGTAATGGTGAGCACTCTGGACTCTAAATCCAGAAGTAGTGCTGGAACAA	1	0	1	0	0		GGUUCCAUGGUGUAAUGGUGAGCACUCUGGACUCUAAAUCCAGAAGUAGUGCUGGAACAA
30778053	ensure-331	331	Model protein	GAGAAAGTCATCGTAGTTACGAAGTTGGCTCTAACCCAGTTTTGGGAGGTTCAATTCCTTCCTTTCTCT	1	0	1	0	0		GAGAAAGUCAUCGUAGUUACGAAGUUGGCUCUAACCCAGUUUUGGGAGGUUCAAUUCCUUCCUUUCUCU
30778053	ensure-337	337	Model protein	GTTAAGATGGCAGAGCCTGGTAATTGCATCAAACTTAAAATTTTATAATCAGAGGTTCAACTCCTCTTCTTAACA	1	0	1	0	0		GUUAAGAUGGCAGAGCCUGGUAAUUGCAUCAAACUUAAAAUUUUAUAAUCAGAGGUUCAACUCCUCUUCUUAACA
30778053	ensure-338	338	Model protein	GTTAAGATGGCAGAGCCCGGCAATTGCATCAGACTTAAAACTTTATAATCAGAGGTTCAACTCCTCTCATTAACA	1	0	1	0	0		GUUAAGAUGGCAGAGCCCGGCAAUUGCAUCAGACUUAAAACUUUAUAAUCAGAGGUUCAACUCCUCUCAUUAACA
30778053	ensure-356	356	Model protein	GGTTCCATGGTGTAATGGTGAGCACTCTGGACTTCAAATCCAGAAGTAGTGCTGGAACAA	1	0	1	0	0		GGUUCCAUGGUGUAAUGGUGAGCACUCUGGACUUCAAAUCCAGAAGUAGUGCUGGAACAA
30778053	ensure-363	363	Model protein	GAGAAAGTCATCGTAGTTACGAAGTTGGCTTCAACCCAGTTTTGGGAGGTTCAATTCCTTCCTTTCTCT	1	0	1	0	0		GAGAAAGUCAUCGUAGUUACGAAGUUGGCUUCAACCCAGUUUUGGGAGGUUCAAUUCCUUCCUUUCUCU
30778053	ensure-364	364	Model protein	ACCAGGATGGCCAAGTAGTTAAAGGCACTGGACTTCAGAGCCAATGGACATATGTCTGTGTGGGTTTGAACCCCACTCCTGGTG	0	0	0	0	1	ACCAGGAUGGCCAAGUAGUUAAAGGCACUGGACUUAAGAGCCAAUGGACAUAUGUCUGUGUGGGUUUGAACCCCACUCCUGGUG	ACCAGGAUGGCCAAGUAGUUAAAGGCACUGGACUUCAGAGCCAAUGGACAUAUGUCUGUGUGGGUUUGAACCCCACUCCUGGUG
30778053	ensure-369	369	Model protein	GAGAAGGTCACAGAGGTTATGGGATTGGCTTTAAACCAGTCTGTGGGGGGTTCGATTCCCTCCTTTTTCA	1	0	1	0	0		GAGAAGGUCACAGAGGUUAUGGGAUUGGCUUUAAACCAGUCUGUGGGGGGUUCGAUUCCCUCCUUUUUCA
30778053	ensure-370	370	Model protein	GAGAAGGTCATAGAGGTTATGGGATTGGCTTTAAACCAGTCTCTGGGGGGTTCGATTCCCTCCTTTTTCA	1	0	1	0	0		GAGAAGGUCAUAGAGGUUAUGGGAUUGGCUUUAAACCAGUCUCUGGGGGGUUCGAUUCCCUCCUUUUUCA
30778053	ensure-371	371	Model protein	GAAAAAGTCATAGGGGTTATGAGGCTGGCTTTAAACCAGCCTTAGGAGGTTCAATTCCTTCCTTTTTTG	1	0	1	0	0		GAAAAAGUCAUAGGGGUUAUGAGGCUGGCUUUAAACCAGCCUUAGGAGGUUCAAUUCCUUCCUUUUUUG
30778053	ensure-378	378	Model protein	CAAGAAATTCATAGAGGTTATGGGATTGGCTTTAAACCAGTTTCAGGAGGTTCGATTCCTTCCTTTTTGG	1	0	1	0	0		CAAGAAAUUCAUAGAGGUUAUGGGAUUGGCUUUAAACCAGUUUCAGGAGGUUCGAUUCCUUCCUUUUUGG
30778053	ensure-385	385	Model protein	GGCCGGTTAGCTCAGTTGGTTAGAGCGTGCTTTAACTAATGCCAGGGTCGAGGTTTCGATCCCCGTACGGGCCT	1	0	1	0	0		GGCCGGUUAGCUCAGUUGGUUAGAGCGUGCUUUAACUAAUGCCAGGGUCGAGGUUUCGAUCCCCGUACGGGCCU
30778053	ensure-392	392	Model protein	GAGAAGGTCACAGAGGTTATGGGATTGGCTCTAAACCAGTCTGTGGGGGGTTCGATTCCCTCCTTTTTCA	1	0	1	0	0		GAGAAGGUCACAGAGGUUAUGGGAUUGGCUCUAAACCAGUCUGUGGGGGGUUCGAUUCCCUCCUUUUUCA
30778053	ensure-393	393	Model protein	GAGAAGGTCATAGAGGTTATGGGATTGGCTCTAAACCAGTCTCTGGGGGGTTCGATTCCCTCCTTTTTCA	1	0	1	0	0		GAGAAGGUCAUAGAGGUUAUGGGAUUGGCUCUAAACCAGUCUCUGGGGGGUUCGAUUCCCUCCUUUUUCA
30778053	ensure-394	394	Model protein	GAAAAAGTCATAGGGGTTATGAGGCTGGCTCTAAACCAGCCTTAGGAGGTTCAATTCCTTCCTTTTTTG	1	0	1	0	0		GAAAAAGUCAUAGGGGUUAUGAGGCUGGCUCUAAACCAGCCUUAGGAGGUUCAAUUCCUUCCUUUUUUG
30778053	ensure-401	401	Model protein	CAAGAAATTCATAGAGGTTATGGGATTGGCTCTAAACCAGTTTCAGGAGGTTCGATTCCTTCCTTTTTGG	1	0	1	0	0		CAAGAAAUUCAUAGAGGUUAUGGGAUUGGCUCUAAACCAGUUUCAGGAGGUUCGAUUCCUUCCUUUUUGG
30778053	ensure-408	408	Model protein	GGCCGGTTAGCTCAGTTGGTTAGAGCGTGCTCTAACTAATGCCAGGGTCGAGGTTTCGATCCCCGTACGGGCCT	1	0	1	0	0		GGCCGGUUAGCUCAGUUGGUUAGAGCGUGCUCUAACUAAUGCCAGGGUCGAGGUUUCGAUCCCCGUACGGGCCU
30778053	ensure-415	415	Model protein	GAGAAGGTCACAGAGGTTATGGGATTGGCTTCAAACCAGTCTGTGGGGGGTTCGATTCCCTCCTTTTTCA	1	0	1	0	0		GAGAAGGUCACAGAGGUUAUGGGAUUGGCUUCAAACCAGUCUGUGGGGGGUUCGAUUCCCUCCUUUUUCA
30778053	ensure-416	416	Model protein	GAGAAGGTCATAGAGGTTATGGGATTGGCTTCAAACCAGTCTCTGGGGGGTTCGATTCCCTCCTTTTTCA	1	0	1	0	0		GAGAAGGUCAUAGAGGUUAUGGGAUUGGCUUCAAACCAGUCUCUGGGGGGUUCGAUUCCCUCCUUUUUCA
30778053	ensure-417	417	Model protein	GAAAAAGTCATAGGGGTTATGAGGCTGGCTTCAAACCAGCCTTAGGAGGTTCAATTCCTTCCTTTTTTG	1	0	1	0	0		GAAAAAGUCAUAGGGGUUAUGAGGCUGGCUUCAAACCAGCCUUAGGAGGUUCAAUUCCUUCCUUUUUUG
30778053	ensure-424	424	Model protein	CAAGAAATTCATAGAGGTTATGGGATTGGCTTCAAACCAGTTTCAGGAGGTTCGATTCCTTCCTTTTTGG	1	0	1	0	0		CAAGAAAUUCAUAGAGGUUAUGGGAUUGGCUUCAAACCAGUUUCAGGAGGUUCGAUUCCUUCCUUUUUGG
30778053	ensure-431	431	Model protein	GGCCGGTTAGCTCAGTTGGTTAGAGCGTGCTTCAACTAATGCCAGGGTCGAGGTTTCGATCCCCGTACGGGCCT	1	0	1	0	0		GGCCGGUUAGCUCAGUUGGUUAGAGCGUGCUUCAACUAAUGCCAGGGUCGAGGUUUCGAUCCCCGUACGGGCCU
30778053	ensure-499	499	Model protein	GGCTGTATAGCTCAGTGGTAGAGCATTTGACTTCAGAATCCTATACTCAGGGGAAGGAGAACTGGGGGTTTCTCAGTGGGTCAAAGGACTTGTAGTGGTAAATCAAAAGCAACTCTATAAGCTATGTAACAAACTTTAAAGTCATATGTAGCTGGGTTCAAATCCTGTTTCTGCCA	1	0	1	0	0		GGCUGUAUAGCUCAGUGGUAGAGCAUUUGACUUCAGAAUCCUAUACUCAGGGGAAGGAGAACUGGGGGUUUCUCAGUGGGUCAAAGGACUUGUAGUGGUAAAUCAAAAGCAACUCUAUAAGCUAUGUAACAAACUUUAAAGUCAUAUGUAGCUGGGUUCAAAUCCUGUUUCUGCCA
31346230	ensure-852	852	Model protein		1	1	1	1	0		
33069552	ensure-843	843	Model protein		1	1	1	1	0		
33069552	ensure-844	844	Model protein		1	1	1	1	0		
41261131	1200	NULL	Disease-agnostic PTC rescue	tRNA-Leu-TAA-1-1+hp12ta>cg+hp13gc>ta	0	0	0	0	1	ACCAGGAUGGCCGAGUGGUUAAGGCGUUGGACUUAAGAUCCAAUGGACAUAUGUCCGCGUGGGUUCGAACCCCACUCCUGGUA	ACCAGGAUGGCCGAGUGGUUAAGGCGUCUGACUCUAGAUCAGAUGGACAUAUGUCCGCGUGGGUUCGAACCCCACUCCUGGUA
41261131	1204	NULL	Disease-agnostic PTC rescue	tRNA-Leu-TAA-1-1+hp12ta>cg+hp13gc>cg	0	0	0	0	1	ACCAGGAUGGCCGAGUGGUUAAGGCGUUGGACUUAAGAUCCAAUGGACAUAUGUCCGCGUGGGUUCGAACCCCACUCCUGGUA	ACCAGGAUGGCCGAGUGGUUAAGGCGUCCGACUCUAGAUCGGAUGGACAUAUGUCCGCGUGGGUUCGAACCCCACUCCUGGUA
41261131	1210	NULL	In vivo GFP reporter	mouse tRNA-Leu-TAA-2-1	0	0	0	0	1	ACCAGGAUGGCCGAGUGGUUAAGGCGUUGGACUUAAGAUCCAAUGGACAUAUGUCUGCGUGGGUUCGAACCCCACUCCUGGUA	ACCAGGAUGGCCGAGUGGUUAAGGCGUUGGACUCUAGAUCCAAUGGACAUAUGUCUGCGUGGGUUCGAACCCCACUCCUGGUA
41261131	1211	NULL	In vivo GFP reporter	mouse tRNA-Leu-TAA-2-1	0	0	0	0	1	ACCAGGAUGGCCGAGUGGUUAAGGCGUUGGACUUAAGAUCCAAUGGACAUAUGUCUGCGUGGGUUCGAACCCCACUCCUGGUA	ACCAGGAUGGCCGAGUGGUUAAGGCGUUGGACUUCAGAUCCAAUGGACAUAUGUCUGCGUGGGUUCGAACCCCACUCCUGGUA
41261131	1212	NULL	Hurler syndrome	mouse tRNA-Leu-TAA-2-1+hp13gc>ta+mut38a>t	0	0	0	0	1	ACCAGGAUGGCCGAGUGGUUAAGGCGUUGGACUUAAGAUCCAAUGGACAUAUGUCUGCGUGGGUUCGAACCCCACUCCUGGUA	ACCAGGAUGGCCGAGUGGUUAAGGCGUUUGACUCUAGUUCAAAUGGACAUAUGUCUGCGUGGGUUCGAACCCCACUCCUGGUA
