Species,Species ID,Anticodon before mutation,Anticodon after mutation,Stop codon for readthrough,Noncanonical charged amino acids,RNA central ID of tRNA,tRNAscan SE ID of tRNA,tRNA sequence before mutation,tRNA sequence after mutation,Structure of sup-tRNA,Mutation of sup-tRNA,Methods for measuring the activity of sup-tRNA,Suppression efficiency,PMID of references,Note
archaeon(Haloferax volcanii),,GGA,CUA,UAG(amber),Ser,,,GCCAGGAUGGCCGAGCGGUAAGGCGCACGCCUGGAAAGCGUGUUCCCUCUGGGAUCGGGGGUUCAAAUCCCUCUCCUGGCGCCA,GCCAGGAUGGCCGAGCGGUAAGGCGCACGCCU\C\UAAAGCGUGUUCCCUCUGGGAUCGGGGGUUCAAAUCCCUCUCCUGGCGCCA, ,The anticodon sequence GGA of the serine tRNA gene is mutated to CUA,a plasmid-based reporter,48.50%,25918386,
archaeon(Haloferax volcanii),,GUA,CUA,UAG(amber),Tyr,,,CCGCUCUUAGCUCAGCCUGGCAGAGCAGCCGACUGUAGAUCGGCUUGUCCCCCGUUCAAAUCGGGGAGAGCGGACCA,CCGCUCUUAGCUCAGCCUGGCAGAGCAGCCGACU\CUAGAUCGGCUUGUCCCCCGUUCAAAUCGGGGAGAGCGGACCA, ,The anticodon sequence GUA of the tyrosine tRNA gene is mutated to CUA,,74.20%,25918386,
archaeon(Haloferax volcanii),,GUA,UUA,UAA(ochre),Tyr,,,CCGCUCUUAGCUCAGCCUGGCAGAGCAGCCGACUGUAGAUCGGCUUGUCCCCCGUUCAAAUCGGGGAGAGCGGACCA,CCGCUCUUAGCUCAGCCUGGCAGAGCAGCCGACU\UUAGAUCGGCUUGUCCCCCGUUCAAAUCGGGGAGAGCGGACCA, ,The anticodon sequence GUA of the tyrosine tRNA gene is mutated to UUA,,29.80%,25918386,
human,,UGA,CUA,UAG(amber),Ser,,,GUAGUCGUGGCMGAGD#GDDAAGGCGAPGGACUUGAAAPCCAUJGGGGUЩUCCCCG?GCAGGTPCGѢAUCCUGCCGACUACGCCA,GUAGUCGUGGCMGAGD#GDDAAGGCGAPGGACU\C\UAAAPCCAUJGGGGUЩUCCCCG?GCAGGTPCGѢAUCCUGCCGACUACGCCA, ,"Amber and ochre suppressor tRNA genes have been generated by using oligonucleotide directed site-specific mutagenesis to change one or two nucleotides in a human serine
tRNA gene.",,,2990894,
human,,UGA,UUA,UAA(ochre),Ser,,,GUAGUCGUGGCMGAGD#GDDAAGGCGAPGGACUUGAAAPCCAUJGGGGUЩUCCCCG?GCAGGTPCGѢAUCCUGCCGACUACGCCA,GUAGUCGUGGCMGAGD#GDDAAGGCGAPGGACUU\UAAAPCCAUJGGGGUЩUCCCCG?GCAGGTPCGѢAUCCUGCCGACUACGCCA, ,"Amber and ochre suppressor tRNA genes have been generated by using oligonucleotide directed site-specific mutagenesis to change one or two nucleotides in a human serine
tRNA gene.",,,2990894,
Xenopus laevis,,GUA,CUA,UAG(amber),Tyr,,,CCUUCGAUAGCUCAGCUGGUAGAGCGGAGGACUGUAGGUGUGAUCGAGCAAUCCUUAGGUCGCUGGUUCGAUUCCGGCUCGAAGGA,CCUUCGAUAGCUCAGCUGGUAGAGCGGAGGACU\CUAGGUGUGAUCGAGCAAUCCUUAGGUCGCUGGUUCGAUUCCGGCUCGAAGGA, ,Using primer-directed mutagenesis on a Xenopus laevis tyrosine tRNA gene can generate an amber suppressor tRNA gene that has a nucleotide change GTA to CTA in the anticodon sequence. ,,,6310546,
Xenopus laevis,,CUA,UUA,UAA(ochre),Tyr,,,CCUUCGAUAGCUCAGCUGGUAGAGCGGAGGACUCUAGGUGUGAUCGAGCAAUCCUUAGGUCGCUGGUUCGAUUCCGGCUCGAAGGA,CCUUCGAUAGCUCAGCUGGUAGAGCGGAGGACU\UUAGGUGUGAUCGAGCAAUCCUUAGGUCGCUGGUUCGAUUCCGGCUCGAAGGA, ,Using site-specific mutagenesis can change the anticodon of a Xenopus laevis tyrosine tRNA gene so that it would recognize ochre codons.,,,6096120,
Saccharomyces cerevisiae,,CCU,,UGA(opal),Trp,,,,, ,,,,2198538,
Arabidopsis thaliana,,CCA,,UAG(amber),Trp,,,,, ,,,,1344892,
Arabidopsis thaliana,,CCA,,UAA(ochre),Trp,,,,, ,,,,1344892,
