Species,Species ID,Anticodon before mutation,Anticodon after mutation,Codon for readthrough,Noncanonical charged amino acids,RNA central ID of tRNA,ENSURE ID of tRNA,tRNA sequence before mutation,tRNA sequence after mutation,Structure of sup-tRNA,Readthrough mechanism,Mutational position of sup-tRNA,PMID of references,pictureid
Escherichia coli,562,VAC,UUAC,GUGUA,Val,,,GGGUGAU4AGCUCAGCDGGGAGAGCACCUCCCUVACЖAGGAGGGG7UCGGCGGTPCGAUCCCGUCAUCACCCACCA,GGGUGAU4AGCUCAGCDGGGAGAGCACCUCCCUV\\UACЖAGGAGGGG7UCGGCGGTPCGAUCCCGUCAUCACCCACCA," ",tRNA hopping,"The hopR alleles that decode GUGUA can suppress the trpE91 mutation.In reading the mRNA sequence GUG UAA GUU, the mutant with the anticodon 3'CAUU5' hops onto the stop with the insertion of two valine residues.",2686986,2686986-1
Escherichia coli,562,VAC,UAAC,GUGUA,Val,,,GGGUGAU4AGCUCAGCDGGGAGAGCACCUCCCUVACЖAGGAGGGG7UCGGCGGTPCGAUCCCGUCAUCACCCACCA,GGGUGAU4AGCUCAGCDGGGAGAGCACCUCCCUV\\AACЖAGGAGGGG7UCGGCGGTPCGAUCCCGUCAUCACCCACCA," ",tRNA hopping,The hopR alleles that decode GUGUA can suppress the trpE91 mutation.The mutant with the anticodon sequence 3'CAAU5' 'hops' over the stop codon in the mRNA sequence GUG UAA GUU with the insertion of a single amino acid (valine).,2686986,2686986-2
Escherichia coli,562,UUG,UUUG,CAAA,Gln,,,UGGGGUA4CGCCAAGC#GDAAGCCACCGGUJUSUGɿPACCGGCAUUCCCUGGTPCGAAUCCAGGUACCCCAGCCA,UGGGGUA4CGCCAAGC#GDAAGCCACCGGUJUS\\UUGɿPACCGGCAUUCCCUGGTPCGAAUCCAGGUACCCCAGCCA," ",mutations in the anticodon,"Insertion of a U between positions 33 and 34 of Gln tRNA expands the anticodon similarly to 3′-GUUU-5′ and allows decoding of complementary 5′-CAAA-3′ quadruplets in trpE9777 frameshift mutation. The suppression occurs by pairing of the expanded anticodons to all four bases of the complementary, quadruplet codon.",11972336,11972336-1
Escherichia coli,562,UUU,UUUG,CAAA,Lys,,,GGGUCGUUAGCUCAGDDGGDAGAGCAGUUGACUSUUЧAPCAAUUG7ѮCGCAGGTPCGAAUCCUGCACGACCCACCA,GGGUCGUUAGCUCAGDDGGDAGAGCAGUUGACUSUU\\GЧAPCAAUUG7ѮCGCAGGTPCGAAUCCUGCACGACCCACCA," ",mutations in the anticodon,"Insertion of a G between positions 36 and 37 of Lys tRNA expands the anticodon similarly to 3′-GUUU-5′ and allows decoding of complementary 5′-CAAA-3′ quadruplets. The suppression occurs by pairing of the expanded anticodons to all four bases of the complementary, quadruplet codon.",11972336,11972336-2
Saccharomyces cerevisiae,4932,AGG,AGGG,CCCU,Pro,,,GGGCGUGUGGUCUAGAGGUAUGAUUCUCGCUUAGGGUGCGGGAGGUCCCGGGUUCGAGUCCCGGCUCGCCCCCCA,GGGCGUGUGGUCUAGAGGUAUGAUUCUCGCUUAGGG\\GUGCGGGAGGUCCCGGGUUCGAGUCCCGGCUCGCCCCCCA," ",quadruple pairing;mutations in the anticodon,The insertion of a G-C base pair at a position in the gene that corresponds to the anticodon loop of the proline tRNA results in the replacement of the wild-type anticodon AGG by a AGGG four-base anticodon which enables the tRNA to suppress the CCCU four-base codons generated as the result of the his4-712 and his4-713 frameshift mutations.,7048310,7048310
Saccharomyces cerevisiae,4932,UGG,UGGG,CCCU,Pro,,,GGGBGUGUGGUCPAGDGGDAUGAUU?U?GCPU4GGKPGCGAGAG7C??UGGGTPCAѢUUCCCAGCUCGCCCCCCA,GGGBGUGUGGUCPAGDGGDAUGAUU?U?GCPU4GGKP\UCGAGAG7C??UGGGTPCAѢUUCCCAGCUCGCCCCCCA," ",quadruple pairing;mutations outside the anticodon,"Suppressor mutations in the SUF7 and SUF8 genes result in G-to-U base substitutions at position 39 that disrupted the normal G·C base pairing in the last base pair of the anticodon stem adjacent to the anticodon loop. 
These anticodon stem mutations might alter the size of the anticodon loop and permit the use of a UGGG sequence within the loop to read 4-base proline codons.",3894935、3546704,3894935
Saccharomyces cerevisiae,4932,GCC,GCCC,GGGU,Gly,,,GCGCAAGUGGUUUAGUGGUAAAAUCCAACGUUGCCAUCGUUGGGCCCCCGGUUCGAUUCCGGGCUUGCGCACCA,GCGCAAGUGGUUUAGUGGUAAAAUCCAACGUUGCC\\CAUCGUUGGGCCCCCGGUUCGAUUCCGGGCUUGCGCACCA," ",mutations in the anticodon,The SUF16 frameshift suppressor locus encodes a glycine tRNA. The SUF16-1 suppressor tRNA contains the four-base anticodon sequence 3’-CCCG-5’ in place of the wild-type anticodon 3’-CCG-5’. SUF16-1 mediates translation of the four-base mRNA sequence 5’-GGGU-3’ but apparently fails to act at the sequence 5’-GGGG-3’.,6293925,6293925
Saccharomyces cerevisiae,4932,CCC,CCCC,GGGG,Gly,,,GCGCAAGUGGUUCAGUGGUUAGAAUUUAUGCUUCCCAAGCAUGAGGCCCGGGUUCGAUUCCCGGCUUGCGC,GCGCAAGUGGUUCAGUGGUUAGAAUUUAUGCUU\\CCCCAAGCAUGAGGCCCGGGUUCGAUUCCCGGCUUGCGC," ",mutations in the anticodon,The SUF5 gene can suppress the his4-519 frameshift mutation.The SUF5-1 allele has one additional cytidine inserted between bases 34 and 37 resulting in a 5'-CCCC-3' four base anticodon.,3047683,3047683-1
Saccharomyces cerevisiae,4932,CCC,UCCC,GGGA,Gly,,,GCGCAAGUGGUUCAGUGGUUAGAAUUUAUGCUUCCCAAGCAUGAGGCCCGGGUUCGAUUCCCGGCUUGCGC,GCGCAAGUGGUUCAGUGGUUAGAAUUUAUGCU\\CUCCCAAGCAUGAGGCCCGGGUUCGAUUCCCGGCUUGCGC," ",mutations in the anticodon,"The frameshift-suppressing allele, SUF5-4, which has a supression spectrum differing from that of SUF5-1, has an additional cytidine inserted between bases 32 and 33. The insertion in SUF5-4 enlarges the anticodon loop and results in a putative 5'-UCCC-3' anticodon.",3047683,3047683-2
Salmonella typhimurium,90371,GGG,GGGG,CCCC,Pro,,,CGGCACG4AGCGCAGCCUGGDAGCGCACCGUCAUGGGKUGPCGGGG7UCGGAGGUPCAAAUCCUCUCGUGCCGACCA,CGGCACG4AGCGCAGCCUGGDAGCGCACCGUCAUGGGKUGPCGGGG7\\GUCGGAGGUPCAAAUCCUCUCGUGCCGACCA," ",mutations in the anticodon,"The sufB1 and sufB2 mutations result in an extra G in the anticodon loop of the minor Pro tRNA. ",1630916,1630916
Salmonella typhimurium,90371,CCC,CCCC,GGGG,Gly,,,GCGGGCGUAGUUCAAUGGDAGAACGAGAGCUUCCCAAGCUCUAUACGAGGGTPCGAUUCCCUUCGCCCGCUCCA,GCGGGCGUAGUUCAAUGGDAGAACGAGAGCUUCCC\\CAAGCUCUAUACGAGGGTPCGAUUCCCUUCGCCCGCUCCA," ",quadruple pairing;mutations in the anticodon,"The frameshift suppressor mutation produce a glycine tRNA with the nucleotide quadruplet CCCC at the anticodon position, instead of the triplet CCC found in wildtype.",4573868,4573868-1
Salmonella typhimurium,90371,CCC,CCCC,GGGG,Gly,,,GCGGGCGUAGUUCAAU#GDAGAACGAGAGCUUCCCAAGCUCUAUACGAGGGTPCGAUUCCCUUCGCCCGCUCCA,GCGGGCGUAGUUCAAU#GDAGAACGAGAGCUUCCC\\CAAGCUCUAUACGAGGGTPCGAUUCCCUUCGCCCGCUCCA," ",quadruple pairing;mutations in the anticodon,"The frameshift suppressor mutation produce a glycine tRNA with the nucleotide quadruplet CCCC at the anticodon position, instead of the triplet CCC found in wildtype.",4573868,4573868-2
Salmonella typhimurium,90371,GGU,UGGU,"ACCA;ACCU;ACCC ",Thr,,,CACCCUUGGUAAGGGUG,CACCC\\CUUGGUAAGGGUG," ",mutations outside the anticodon,"The frameshift suppressor gene, sufJ, results from a base-pair insertion in the gene coding for a threonine tRNA. The insertion (a G-C base pair) occurs within a run of three G·C base pairs in that region of the gene coding for one strand of the anticodon stem. In the secondary structure of the mature tRNA, the net result is that an extra, unpaired cytidine residue is pushed into the anticodon loop, thus increasing the size of the loop to eight nucleotides.The sufJ promotes +1 shifting of the reading frame at sites in the message where any of the four-base sequences ACCA, ACCU, or ACCC are encountered in the translational frame.",6091135、6169441,6091135
