GENE_NAME,ENSEMBL_ID,MUTATION_URL,LEGACY_MUTATION_ID,GENOMIC_MUTATION_ID,MUTATION_LOCUS_IN_GRCh37,MUTATION_LOCUS_IN_GRCh38,MUTATION_TYPE,MUTATION_CDS,GENOMIC_REF_ALLELE,GENOMIC_MUT_ALLELE,DISEASE
NOTCH2,ENST00000256646.2,https://cancer.sanger.ac.uk/cosmic/mutation/overview?id=20548709,COSM1667036,COSV56680250,1:120548030-120548030,1:120005407-120005407,Nonsense,c.337C>T,G,A,skin/carcinoma/squamous_cell_carcinoma
NOTCH2,ENST00000256646.2,https://cancer.sanger.ac.uk/cosmic/mutation/overview?id=20547960,COSM36210,COSV56682519,1:120458147-120458147,1:119915524-119915524,Nonsense,c.7198C>T,G,A,haematopoietic_and_lymphoid_tissue/lymphoid_neoplasm/diffuse_large_B_cell_lymphoma;haematopoietic_and_lymphoid_tissue/lymphoid_neoplasm/marginal_zone_lymphoma
NBPF16,ENST00000417839.1,https://cancer.sanger.ac.uk/cosmic/mutation/overview?id=51418660,COSM1715944,COSV68836771,1:148756664-148756664,1:144423033-144423033,Nonsense,c.1993G>T,G,T,upper_aerodigestive_tract/carcinoma/squamous_cell_carcinoma
FLG2,ENST00000388718.5,https://cancer.sanger.ac.uk/cosmic/mutation/overview?id=39869834,COSM3996947,COSV66167108,1:152323132-152323132,1:152350656-152350656,Nonsense,c.7130C>A,G,T,meninges/meningioma/atypical;meninges/meningioma/meningothelial;soft_tissue/gastrointestinal_stromal_tumour/NS;soft_tissue/rhabdomyosarcoma/alveolar
PTPN14,ENST00000366956.5,https://cancer.sanger.ac.uk/cosmic/mutation/overview?id=35110975,COSM903701,COSV65283843,1:214542938-214542938,1:214369595-214369595,Nonsense,c.3133C>T,G,A,skin/carcinoma/basal_cell_carcinoma
ELOA,ENST00000418390.2,https://cancer.sanger.ac.uk/cosmic/mutation/overview?id=52624497,COSM2049609,COSV69310830,1:24076365-24076365,1:23749875-23749875,Nonsense,c.244C>T,C,T,thyroid/carcinoma/Hurthle_cell_carcinoma
ARID1A,ENST00000324856.7,https://cancer.sanger.ac.uk/cosmic/mutation/overview?id=25880621,COSM51425,COSV61370535,1:27106354-27106354,1:26779863-26779863,Nonsense,c.5965C>T,C,T,endometrium/carcinoma/endometrioid_carcinoma
ARID1A,ENST00000324856.7,https://cancer.sanger.ac.uk/cosmic/mutation/overview?id=25881902,COSM184236,COSV61375361,1:27087503-27087503,1:26761012-26761012,Nonsense,c.2077C>T,C,T,endometrium/carcinoma/endometrioid_carcinoma
ARID1A,ENST00000324856.7,https://cancer.sanger.ac.uk/cosmic/mutation/overview?id=25881559,COSM907723,COSV61371872,1:27100207-27100207,1:26773716-26773716,Nonsense,c.4003C>T,C,T,endometrium/carcinoma/endometrioid_carcinoma
ERBB4,ENST00000342788.4,https://cancer.sanger.ac.uk/cosmic/mutation/overview?id=32206442,COSM6982640,COSV61525582,2:212251860-212251860,2:211387135-211387135,Nonsense,c.3199C>T,G,A,pancreas/other/dysplasia-in_situ_neoplasm
SLC8A1,ENST00000403092.1,https://cancer.sanger.ac.uk/cosmic/mutation/overview?id=45751802,COSM9857364,COSV105192785,2:40397460-40397460,2:40170320-40170320,Nonsense,c.1999A>T,T,A,urinary_tract/carcinoma/transitional_cell_carcinoma
CNTN6,ENST00000446702.2,https://cancer.sanger.ac.uk/cosmic/mutation/overview?id=60178747,COSM5748882,COSV63161010,3:1394135-1394135,3:1352451-1352451,Nonsense,c.1492G>T,G,T,pancreas/carcinoma/NS
TGFBR2,ENST00000359013.4,https://cancer.sanger.ac.uk/cosmic/mutation/overview?id=33882969,COSM730357,COSV55448334,3:30713559-30713559,3:30672067-30672067,Nonsense,c.959C>G,C,G,penis/carcinoma/squamous_cell_carcinoma
TET2,ENST00000540549.1,https://cancer.sanger.ac.uk/cosmic/mutation/overview?id=83300753,COSM42047,COSV54395942,4:106157053-106157053,4:105235896-105235896,Nonsense,c.1954C>T,C,T,haematopoietic_and_lymphoid_tissue/lymphoid_neoplasm/angioimmunoblastic_T_cell_lymphoma
TET2,ENST00000540549.1,https://cancer.sanger.ac.uk/cosmic/mutation/overview?id=83295964,COSM9861694,COSV105020525,4:106158025-106158025,4:105236868-105236868,Nonsense,c.2926C>T,C,T,pancreas/other/dysplasia-in_situ_neoplasm
TET2,ENST00000540549.1,https://cancer.sanger.ac.uk/cosmic/mutation/overview?id=83293932,COSM42016,COSV54395631,4:106193931-106193931,4:105272774-105272774,Nonsense,c.4393C>T,C,T,haematopoietic_and_lymphoid_tissue/lymphoid_neoplasm/angioimmunoblastic_T_cell_lymphoma
TET2,ENST00000540549.1,https://cancer.sanger.ac.uk/cosmic/mutation/overview?id=83296712,COSM5945019,COSV54416604,4:106156570-106156570,4:105235413-105235413,Nonsense,c.1471C>T,C,T,haematopoietic_and_lymphoid_tissue/haematopoietic_neoplasm/acute_myeloid_leukaemia_associated_with_MDS
TET2,ENST00000540549.1,https://cancer.sanger.ac.uk/cosmic/mutation/overview?id=83293923,COSM41850,COSV54395690,4:106156729-106156729,4:105235572-105235572,Nonsense,c.1630C>T,C,T,haematopoietic_and_lymphoid_tissue/lymphoid_neoplasm/angioimmunoblastic_T_cell_lymphoma
N4BP2,ENST00000261435.6,https://cancer.sanger.ac.uk/cosmic/mutation/overview?id=20761802,COSM7410849,COSV99788204,4:40104274-40104274,4:40102654-40102654,Nonsense,c.809T>A,T,A,lung/carcinoma/adenocarcinoma
ADGRV1,ENST00000405460.2,https://cancer.sanger.ac.uk/cosmic/mutation/overview?id=46466274,COSM7411143,COSV101315388,5:89971068-89971068,5:90675251-90675251,Nonsense,c.5119C>T,C,T,lung/carcinoma/adenocarcinoma
DAXX,ENST00000374542.5,https://cancer.sanger.ac.uk/cosmic/mutation/overview?id=40246489,COSM10508183,COSV107232381,6:33286956-33286956,6:33319179-33319179,Nonsense,c.1981A>T,T,A,thyroid/carcinoma/Hurthle_cell_carcinoma
PTCH1,ENST00000331920.6,https://cancer.sanger.ac.uk/cosmic/mutation/overview?id=29049351,COSM17467,COSV59464756,9:98238318-98238318,9:95476036-95476036,Nonsense,c.1726C>T,G,A,skin/carcinoma/basal_cell_carcinoma
PTCH1,ENST00000331920.6,https://cancer.sanger.ac.uk/cosmic/mutation/overview?id=29054063,COSM17587,COSV59487725,9:98229650-98229651,9:95467368-95467369,Nonsense,c.2307_2308delinsTT,GG,AA,skin/carcinoma/basal_cell_carcinoma
MS4A14,ENST00000531783.1,https://cancer.sanger.ac.uk/cosmic/mutation/overview?id=82777107,COSM9692778,COSV105177065,11:60183854-60183854,11:60416381-60416381,Nonsense,c.1512G>A,G,A,skin/carcinoma/basal_cell_carcinoma
ANO3,ENST00000256737.3,https://cancer.sanger.ac.uk/cosmic/mutation/overview?id=20711712,COSM7410403,COSV99879685,11:26463485-26463485,11:26441938-26441938,Nonsense,c.67G>T,G,T,lung/carcinoma/non_small_cell_carcinoma
OTOGL,ENST00000458043.2,https://cancer.sanger.ac.uk/cosmic/mutation/overview?id=62729733,COSM7455868,COSV101509066,12:80665451-80665451,12:80271671-80271671,Nonsense,c.2515G>T,G,T,biliary_tract/carcinoma/adenocarcinoma
TMTC1,ENST00000539277.1,https://cancer.sanger.ac.uk/cosmic/mutation/overview?id=86961555,COSN6408678,COSV55475453,12:29936562-29936562,12:29783629-29783629,Nonsense,c.123C>A,G,T,upper_aerodigestive_tract/carcinoma/squamous_cell_carcinoma
GOLGA6L6,ENST00000427390.2,https://cancer.sanger.ac.uk/cosmic/mutation/overview?id=53474505,COSM4592604,COSV71180521,15:20740252-20740252,15:20535014-20535014,Nonsense,c.1498G>T,C,A,haematopoietic_and_lymphoid_tissue/lymphoid_neoplasm/T_cell_prolymphocytic_leukaemia
GOLGA6L6,ENST00000427390.2,https://cancer.sanger.ac.uk/cosmic/mutation/overview?id=53474709,COSM4148375,COSV71180534,15:20740330-20740330,15:20535092-20535092,Nonsense,c.1420G>T,C,A,haematopoietic_and_lymphoid_tissue/lymphoid_neoplasm/T_cell_prolymphocytic_leukaemia
GOLGA6L6,ENST00000427390.2,https://cancer.sanger.ac.uk/cosmic/mutation/overview?id=53474921,COSM4596588,COSV71181135,15:20739922-20739922,15:20534684-20534684,Nonsense,c.1828C>T,G,A,haematopoietic_and_lymphoid_tissue/lymphoid_neoplasm/T_cell_prolymphocytic_leukaemia
PARN,ENST00000437198.2,https://cancer.sanger.ac.uk/cosmic/mutation/overview?id=58277492,COSM701922,COSV58369222,16:14711453-14711453,16:14617596-14617596,Nonsense,c.382C>T,G,A,endometrium/carcinoma/endometrioid_carcinoma
MYLK3,ENST00000394809.4,https://cancer.sanger.ac.uk/cosmic/mutation/overview?id=47744821,COSM9860722,COSV105333376,16:46766477-46766477,16:46732565-46732565,Nonsense,c.1105C>T,G,A,pancreas/other/dysplasia-in_situ_neoplasm
GNA13,ENST00000439174.2,https://cancer.sanger.ac.uk/cosmic/mutation/overview?id=54971294,COSM982995,COSV71474484,17:63052633-63052633,17:65056515-65056515,Nonsense,c.79C>T,G,A,haematopoietic_and_lymphoid_tissue/lymphoid_neoplasm/Burkitt_lymphoma
C17orf77,ENST00000392620.1,https://cancer.sanger.ac.uk/cosmic/mutation/overview?id=43988855,COSM6851381,COSV60083943,17:72588806-72588806,,Nonsense,c.621C>A,C,A,soft_tissue/gastrointestinal_stromal_tumour/NS
KRT37,ENST00000225550.3,https://cancer.sanger.ac.uk/cosmic/mutation/overview?id=24610323,COSM3755527,COSV56656898,17:39579059-39579059,17:41422807-41422807,Nonsense,c.703C>T,G,A,soft_tissue/gastrointestinal_stromal_tumour/NS
SIGLEC10,ENST00000356298.5,https://cancer.sanger.ac.uk/cosmic/mutation/overview?id=31760341,COSM7455901,COSV100218663,19:51918099-51918099,19:51414845-51414845,Nonsense,c.1594G>T,C,A,biliary_tract/carcinoma/adenocarcinoma
DMD,ENST00000357033.4,https://cancer.sanger.ac.uk/cosmic/mutation/overview?id=34068302,COSM4978640,COSV63739320,X:32459320-32459320,X:32441203-32441203,Nonsense,c.3898G>T,C,A,biliary_tract/carcinoma/adenocarcinoma
DDX3X,ENST00000399959.2,https://cancer.sanger.ac.uk/cosmic/mutation/overview?id=47584495,COSM2964977,COSV67863633,X:41203558-41203558,X:41344305-41344305,Nonsense,c.931C>T,C,T,haematopoietic_and_lymphoid_tissue/lymphoid_neoplasm/Burkitt_lymphoma
DDX3X,ENST00000399959.2,https://cancer.sanger.ac.uk/cosmic/mutation/overview?id=47584141,COSM9214375,COSV104433609,X:41193548-41193548,X:41334295-41334295,Nonsense,c.43C>T,C,T,haematopoietic_and_lymphoid_tissue/lymphoid_neoplasm/Burkitt_lymphoma
DDX3X,ENST00000399959.2,https://cancer.sanger.ac.uk/cosmic/mutation/overview?id=47587344,COSM10073054,COSV106065190,X:41196700-41196700,X:41337447-41337447,Nonsense,c.85G>T,G,T,haematopoietic_and_lymphoid_tissue/lymphoid_neoplasm/chronic_lymphocytic_leukaemia-small_lymphocytic_lymphoma
GATA1,ENST00000376670.3,https://cancer.sanger.ac.uk/cosmic/mutation/overview?id=39495414,COSM13211,COSV64961681,X:48649565-48649565,X:48791158-48791158,Nonsense,c.49C>T,C,T,haematopoietic_and_lymphoid_tissue/haematopoietic_neoplasm/myeloproliferative_neoplasm
GATA1,ENST00000376670.3,https://cancer.sanger.ac.uk/cosmic/mutation/overview?id=39495123,COSM17824,COSV64962034,X:48649520-48649520,X:48791113-48791113,Nonsense,c.4G>T,G,T,haematopoietic_and_lymphoid_tissue/haematopoietic_neoplasm/myeloproliferative_neoplasm
TTLL2,ENST00000239587.5,https://cancer.sanger.ac.uk/cosmic/mutation/overview?id=22738307,COSM4880112,COSV53442570,6:167753665-167753665,6:167340177-167340177,Nonsense,c.277G>T,G,T,skin/carcinoma/squamous_cell_carcinoma
CPN2,ENST00000323830.3,https://cancer.sanger.ac.uk/cosmic/mutation/overview?id=29359165,COSM4157510,COSV60469703,3:194061907-194061907,3:194341178-194341178,Nonsense,c.1525C>T,G,A,soft_tissue/gastrointestinal_stromal_tumour/NS
CLDN5,ENST00000406028.1,https://cancer.sanger.ac.uk/cosmic/mutation/overview?id=47588862,COSM3749757,COSV54243279,22:19511925-19511925,22:19524402-19524402,Nonsense,c.109C>T,G,A,soft_tissue/gastrointestinal_stromal_tumour/NS
UBE2NL,ENST00000370494.1,https://cancer.sanger.ac.uk/cosmic/mutation/overview?id=36822210,COSM5000704,COSV65124239,X:142967468-142967468,,Nonsense,c.266T>G,T,G,soft_tissue/gastrointestinal_stromal_tumour/NS
OR5AR1,ENST00000302969.2,https://cancer.sanger.ac.uk/cosmic/mutation/overview?id=24959045,COSM4145892,COSV57252669,11:56431216-56431216,11:56663740-56663740,Nonsense,c.55C>T,C,T,soft_tissue/gastrointestinal_stromal_tumour/NS
OR2T34,ENST00000328782.2,https://cancer.sanger.ac.uk/cosmic/mutation/overview?id=30244669,COSM7410799,COSV100170196,1:248737390-248737390,1:248574089-248574089,Nonsense,c.669C>A,G,T,lung/carcinoma/adenocarcinoma
DPP4,ENST00000360534.3,https://cancer.sanger.ac.uk/cosmic/mutation/overview?id=37997999,COSM9859378,COSV105254964,2:162894823-162894823,2:162038313-162038313,Nonsense,c.602G>A,C,T,urinary_tract/carcinoma/transitional_cell_carcinoma
FN1,ENST00000354785.4,https://cancer.sanger.ac.uk/cosmic/mutation/overview?id=31145858,COSM7342330,COSV100115390,2:216293010-216293010,2:215428287-215428287,Nonsense,c.737G>A,C,T,large_intestine/carcinoma/adenocarcinoma
ZNF717,ENST00000422325.1,https://cancer.sanger.ac.uk/cosmic/mutation/overview?id=51979135,COSM4158638,COSV68860267,3:75790838-75790838,3:75741687-75741687,Nonsense,c.107G>A,C,T,upper_aerodigestive_tract/carcinoma/squamous_cell_carcinoma
CCDC39,ENST00000442201.2,https://cancer.sanger.ac.uk/cosmic/mutation/overview?id=59686907,COSM4669919,COSV56481745,3:180381714-180381714,3:180663926-180663926,Nonsense,c.151C>T,G,A,pancreas/other/dysplasia-in_situ_neoplasm
LEF1,ENST00000265165.1,https://cancer.sanger.ac.uk/cosmic/mutation/overview?id=24674735,COSM7343401,COSV99036291,4:109088845-109088845,4:108167689-108167689,Nonsense,c.79A>T,T,A,skin/adnexal_tumour/malignant_adnexal_tumour
ZAN,ENST00000546292.1,https://cancer.sanger.ac.uk/cosmic/mutation/overview?id=86967723,COSM4004169,COSV61807659,7:100371358-100371358,7:100773735-100773735,Nonsense,c.5649G>A,G,A,meninges/meningioma/atypical
OR1B1,ENST00000304833.3,https://cancer.sanger.ac.uk/cosmic/mutation/overview?id=27022543,COSM3763604,COSV59171571,9:125391241-125391241,9:122628962-122628962,Nonsense,c.574C>T,G,A,soft_tissue/gastrointestinal_stromal_tumour/NS;soft_tissue/rhabdomyosarcoma/alveolar
ATRNL1,ENST00000355044.3,https://cancer.sanger.ac.uk/cosmic/mutation/overview?id=31916926,COSM2054450,COSV58086868,10:117486773-117486773,10:115727263-115727263,Nonsense,c.3811C>T,C,T,pancreas/other/dysplasia-in_situ_neoplasm
GPC6,ENST00000377047.4,https://cancer.sanger.ac.uk/cosmic/mutation/overview?id=40723253,COSM9855511,COSV105314794,13:95050730-95050730,13:94398476-94398476,Nonsense,c.1300G>T,G,T,large_intestine/adenoma/tubulovillous
TPP2,ENST00000376065.4,https://cancer.sanger.ac.uk/cosmic/mutation/overview?id=41506496,COSM945065,COSV65750765,13:103292684-103292684,13:102640334-102640334,Nonsense,c.1978C>T,C,T,endometrium/carcinoma/endometrioid_carcinoma
FRY,ENST00000380250.3,https://cancer.sanger.ac.uk/cosmic/mutation/overview?id=43022295,COSM5065050,COSV66573415,13:32760405-32760405,13:32186268-32186268,Nonsense,c.3328C>T,C,T,thyroid/carcinoma/Hurthle_cell_carcinoma
POLE2,ENST00000216367.5,https://cancer.sanger.ac.uk/cosmic/mutation/overview?id=21653474,COSM7456749,COSV99364616,14:50136301-50136301,14:49669583-49669583,Nonsense,c.433G>T,C,A,biliary_tract/carcinoma/adenocarcinoma
YLPM1,ENST00000325680.7,https://cancer.sanger.ac.uk/cosmic/mutation/overview?id=26721505,COSM10540375,COSV107259314,14:75248102-75248102,14:74781399-74781399,Nonsense,c.1356C>A,C,A,soft_tissue/gastrointestinal_stromal_tumour/NS
CDH15,ENST00000289746.2,https://cancer.sanger.ac.uk/cosmic/mutation/overview?id=25207541,COSM6330599,COSV57023659,16:89261482-89261482,16:89195074-89195074,Nonsense,c.2364C>A,C,A,lung/carcinoma/NS
ACSM2B,ENST00000329697.6,https://cancer.sanger.ac.uk/cosmic/mutation/overview?id=26643728,COSM434807,COSV61657708,16:20576155-20576155,16:20564833-20564833,Nonsense,c.13C>T,G,A,lung/carcinoma/adenocarcinoma
PLK1,ENST00000300093.4,https://cancer.sanger.ac.uk/cosmic/mutation/overview?id=26921758,COSM7410997,COSV99890952,16:23698891-23698891,16:23687570-23687570,Nonsense,c.1138C>T,C,T,lung/carcinoma/adenocarcinoma
NUP93,ENST00000308159.5,https://cancer.sanger.ac.uk/cosmic/mutation/overview?id=26053503,COSM971696,COSV57428872,16:56782202-56782202,16:56748290-56748290,Nonsense,c.43C>T,C,T,skin/adnexal_tumour/malignant_adnexal_tumour;thyroid/carcinoma/papillary_carcinoma
DGKE,ENST00000284061.3,https://cancer.sanger.ac.uk/cosmic/mutation/overview?id=24788342,COSM3983560,COSV52350440,17:54912567-54912567,17:56835206-56835206,Nonsense,c.411C>G,C,G,ovary/carcinoma/mixed_adenosquamous_carcinoma
CDC27,ENST00000531206.1,https://cancer.sanger.ac.uk/cosmic/mutation/overview?id=81097720,COSM4130259,COSV50369891,17:45234360-45234360,17:47156994-47156994,Nonsense,c.761T>G,A,C,meninges/meningioma/atypical
CDC27,ENST00000531206.1,https://cancer.sanger.ac.uk/cosmic/mutation/overview?id=81097462,COSM4386179,COSV50364706,17:45234325-45234325,17:47156959-47156959,Nonsense,c.796C>T,G,A,meninges/meningioma/atypical;meninges/meningioma/meningothelial
SAMD14,ENST00000503131.1,https://cancer.sanger.ac.uk/cosmic/mutation/overview?id=70364487,COSM7455894,COSV99142927,17:48191605-48191605,17:50114241-50114241,Nonsense,c.972G>A,C,T,biliary_tract/carcinoma/adenocarcinoma
RUNX1,ENST00000300305.3,https://cancer.sanger.ac.uk/cosmic/mutation/overview?id=27157879,COSM41699,COSV55867803,21:36171607-36171607,21:34799310-34799310,Nonsense,c.958C>T,G,A,haematopoietic_and_lymphoid_tissue/haematopoietic_neoplasm/chronic_myeloid_leukaemia
GAB4,ENST00000400588.1,https://cancer.sanger.ac.uk/cosmic/mutation/overview?id=45282259,COSM5963796,COSV68754109,22:17469049-17469049,22:16988159-16988159,Nonsense,c.487G>T,C,A,soft_tissue/gastrointestinal_stromal_tumour/NS
KDM6A,ENST00000377967.4,https://cancer.sanger.ac.uk/cosmic/mutation/overview?id=39501262,COSM255017,COSV65037942,X:44922802-44922802,X:45063557-45063557,Nonsense,c.1663C>T,C,T,urinary_tract/carcinoma/NS
KDM6A,ENST00000377967.4,https://cancer.sanger.ac.uk/cosmic/mutation/overview?id=39497238,COSM9114996,COSV100938003,X:44820577-44820577,X:44961332-44961332,Nonsense,c.274G>T,G,T,pancreas/other/pancreatoblastoma
HLA-DPB1,ENST00000418931.2,https://cancer.sanger.ac.uk/cosmic/mutation/overview?id=50266036,COSM4593820,COSV69602627,6:33048466-33048466,6:33080689-33080689,Nonsense,c.118G>T,G,T,upper_aerodigestive_tract/carcinoma/squamous_cell_carcinoma
CSNK2B,ENST00000375882.2,https://cancer.sanger.ac.uk/cosmic/mutation/overview?id=40916999,COSM3410941,COSV65507769,6:31637272-31637272,6:31669495-31669495,Nonsense,c.544C>T,C,T,haematopoietic_and_lymphoid_tissue/lymphoid_neoplasm/adult_T_cell_lymphoma-leukaemia
CSNK2B,ENST00000375882.2,https://cancer.sanger.ac.uk/cosmic/mutation/overview?id=40917470,COSM5575156,COSV65507683,6:31637245-31637245,6:31669468-31669468,Nonsense,c.517G>T,G,T,haematopoietic_and_lymphoid_tissue/lymphoid_neoplasm/adult_T_cell_lymphoma-leukaemia
BTG2,ENST00000290551.4,https://cancer.sanger.ac.uk/cosmic/mutation/overview?id=25665832,COSM9865044,COSV105010135,1:203274831-203274831,1:203305703-203305703,Nonsense,c.97C>T,C,T,haematopoietic_and_lymphoid_tissue/lymphoid_neoplasm/diffuse_large_B_cell_lymphoma
DDX27,ENST00000371764.4,https://cancer.sanger.ac.uk/cosmic/mutation/overview?id=39096541,COSM7455977,COSV100874653,20:47835929-47835929,20:49219392-49219392,Nonsense,c.37A>T,A,T,biliary_tract/carcinoma/adenocarcinoma
SMARCB1,ENST00000263121.7,https://cancer.sanger.ac.uk/cosmic/mutation/overview?id=24756426,COSM992,COSV54093065,22:24143240-24143240,22:23801053-23801053,Nonsense,c.472C>T,C,T,central_nervous_system/atypical_teratoid-rhabdoid_tumour/NS;soft_tissue/rhabdoid_tumour/NS
SMARCB1,ENST00000263121.7,https://cancer.sanger.ac.uk/cosmic/mutation/overview?id=24756174,COSM1002,COSV54092906,22:24133967-24133967,22:23791780-23791780,Nonsense,c.118C>T,C,T,central_nervous_system/atypical_teratoid-rhabdoid_tumour/NS;soft_tissue/rhabdoid_tumour/NS
SMARCB1,ENST00000263121.7,https://cancer.sanger.ac.uk/cosmic/mutation/overview?id=24756431,COSM24595,COSV54096035,22:24134006-24134006,22:23791819-23791819,Nonsense,c.157C>T,C,T,central_nervous_system/atypical_teratoid-rhabdoid_tumour/NS;soft_tissue/rhabdoid_tumour/NS
SMARCB1,ENST00000263121.7,https://cancer.sanger.ac.uk/cosmic/mutation/overview?id=24756905,COSM993,COSV54093216,22:24145582-24145582,22:23803395-23803395,Nonsense,c.601C>T,C,T,central_nervous_system/atypical_teratoid-rhabdoid_tumour/NS
SMARCB1,ENST00000263121.7,https://cancer.sanger.ac.uk/cosmic/mutation/overview?id=24756676,COSM991,COSV54093088,22:24133990-24133990,22:23791803-23791803,Nonsense,c.141C>A,C,A,soft_tissue/rhabdoid_tumour/NS
SMARCB1,ENST00000263121.7,https://cancer.sanger.ac.uk/cosmic/mutation/overview?id=24755490,COSM1004,COSV54095017,22:24158974-24158974,22:23816787-23816787,Nonsense,c.646G>T,G,T,soft_tissue/rhabdoid_tumour/NS
FAM182B,ENST00000376403.1,https://cancer.sanger.ac.uk/cosmic/mutation/overview?id=42913143,COSM4134370,COSV64517418,20:25755907-25755907,20:25775271-25775271,Nonsense,c.49G>T,C,A,thyroid/other/neoplasm
FCGR2A,ENST00000271450.6,https://cancer.sanger.ac.uk/cosmic/mutation/overview?id=20817614,COSM10542952,COSV107220784,1:161476204-161476204,1:161506414-161506414,Nonsense,c.187C>T,C,T,soft_tissue/gastrointestinal_stromal_tumour/NS
SLC20A1,ENST00000272542.3,https://cancer.sanger.ac.uk/cosmic/mutation/overview?id=21728599,COSM1005606,COSV55610145,2:113417110-113417110,2:112659533-112659533,Nonsense,c.1378C>T,C,T,endometrium/carcinoma/endometrioid_carcinoma
CCR7,ENST00000246657.2,https://cancer.sanger.ac.uk/cosmic/mutation/overview?id=20244657,COSM5706374,COSV55848641,17:38711080-38711080,17:40554828-40554828,Nonsense,c.1051C>T,G,A,haematopoietic_and_lymphoid_tissue/lymphoid_neoplasm/adult_T_cell_lymphoma-leukaemia
CCR7,ENST00000246657.2,https://cancer.sanger.ac.uk/cosmic/mutation/overview?id=20244649,COSM5706376,COSV55848568,17:38711086-38711086,17:40554834-40554834,Nonsense,c.1045C>T,G,A,haematopoietic_and_lymphoid_tissue/lymphoid_neoplasm/adult_T_cell_lymphoma-leukaemia
CCR7,ENST00000246657.2,https://cancer.sanger.ac.uk/cosmic/mutation/overview?id=20244746,COSM5706371,COSV55849065,17:38711067-38711067,17:40554815-40554815,Nonsense,c.1064G>A,C,T,haematopoietic_and_lymphoid_tissue/lymphoid_neoplasm/adult_T_cell_lymphoma-leukaemia
CCR7,ENST00000246657.2,https://cancer.sanger.ac.uk/cosmic/mutation/overview?id=20244953,COSM5706372,COSV55848633,17:38711071-38711071,17:40554819-40554819,Nonsense,c.1060C>T,G,A,haematopoietic_and_lymphoid_tissue/lymphoid_neoplasm/adult_T_cell_lymphoma-leukaemia
CCR7,ENST00000246657.2,https://cancer.sanger.ac.uk/cosmic/mutation/overview?id=20244760,COSM1290689,COSV55849105,17:38711066-38711066,17:40554814-40554814,Nonsense,c.1065G>A,C,T,haematopoietic_and_lymphoid_tissue/lymphoid_neoplasm/adult_T_cell_lymphoma-leukaemia
CSNK2B-LY6G5B-1181,ENST00000375880.2,https://cancer.sanger.ac.uk/cosmic/mutation/overview?id=40914463,COSM3410941,COSV65507769,6:31637272-31637272,6:31669495-31669495,Nonsense,c.544C>T,C,T,haematopoietic_and_lymphoid_tissue/lymphoid_neoplasm/adult_T_cell_lymphoma-leukaemia
CSNK2B-LY6G5B-1181,ENST00000375880.2,https://cancer.sanger.ac.uk/cosmic/mutation/overview?id=40915061,COSM5575156,COSV65507683,6:31637245-31637245,6:31669468-31669468,Nonsense,c.517G>T,G,T,haematopoietic_and_lymphoid_tissue/lymphoid_neoplasm/adult_T_cell_lymphoma-leukaemia
KRTAP13-2,ENST00000399889.2,https://cancer.sanger.ac.uk/cosmic/mutation/overview?id=47317069,COSM3758831,COSV67761967,21:31744127-31744127,21:30371809-30371809,Nonsense,c.405T>A,A,T,soft_tissue/gastrointestinal_stromal_tumour/NS
HIST1H3H,ENST00000369163.2,https://cancer.sanger.ac.uk/cosmic/mutation/overview?id=35888696,COSM9214234,COSV104411723,6:27778131-27778131,6:27810353-27810353,Nonsense,c.280C>T,C,T,haematopoietic_and_lymphoid_tissue/lymphoid_neoplasm/Burkitt_lymphoma
FAM187B,ENST00000324675.3,https://cancer.sanger.ac.uk/cosmic/mutation/overview?id=25616532,COSM3756651,COSV61201002,19:35719020-35719020,19:35228117-35228117,Nonsense,c.564G>A,C,T,soft_tissue/gastrointestinal_stromal_tumour/NS
FLG,ENST00000368799.1,https://cancer.sanger.ac.uk/cosmic/mutation/overview?id=38653905,COSM1667964,COSV64236521,1:152280670-152280670,1:152308194-152308194,Nonsense,c.6692C>A,G,T,haematopoietic_and_lymphoid_tissue/lymphoid_neoplasm/T_cell_prolymphocytic_leukaemia
MTX1,ENST00000368376.3,https://cancer.sanger.ac.uk/cosmic/mutation/overview?id=37075941,COSM9860752,COSV105155748,1:155178630-155178630,1:155208839-155208839,Nonsense,c.35C>A,C,A,pancreas/other/dysplasia-in_situ_neoplasm
CDC73,ENST00000367435.3,https://cancer.sanger.ac.uk/cosmic/mutation/overview?id=37775487,COSM26056,COSV66467067,1:193091355-193091355,1:193122225-193122225,Nonsense,c.25C>T,C,T,parathyroid/carcinoma/NS
CDC73,ENST00000367435.3,https://cancer.sanger.ac.uk/cosmic/mutation/overview?id=37778055,COSM26051,COSV66466140,1:193094272-193094272,1:193125142-193125142,Nonsense,c.162C>G,C,G,parathyroid/carcinoma/NS
TMEM51,ENST00000428417.1,https://cancer.sanger.ac.uk/cosmic/mutation/overview?id=56340553,COSM303414,COSV65690323,1:15545982-15545982,1:15219486-15219486,Nonsense,c.505G>T,G,T,skin/carcinoma/squamous_cell_carcinoma
NEK2,ENST00000366999.4,https://cancer.sanger.ac.uk/cosmic/mutation/overview?id=35261924,COSM9855453,COSV105290056,1:211842488-211842488,1:211669146-211669146,Nonsense,c.952C>T,G,A,large_intestine/adenoma/tubulovillous
HS6ST1,ENST00000259241.6,https://cancer.sanger.ac.uk/cosmic/mutation/overview?id=22720261,COSM1129578,COSV52128076,2:129075939-129075939,2:128318365-128318365,Nonsense,c.199A>T,T,A,soft_tissue/rhabdomyosarcoma/embryonal
CXCR4,ENST00000409817.1,https://cancer.sanger.ac.uk/cosmic/mutation/overview?id=48729534,COSM204665,COSV54010080,2:136872498-136872498,2:136114928-136114928,Nonsense,c.1012C>T,G,A,haematopoietic_and_lymphoid_tissue/lymphoid_neoplasm/lymphoplasmacytic_lymphoma
CXCR4,ENST00000409817.1,https://cancer.sanger.ac.uk/cosmic/mutation/overview?id=48729838,COSM5981985,COSV54010290,2:136872485-136872485,2:136114915-136114915,Nonsense,c.1025C>A,G,T,haematopoietic_and_lymphoid_tissue/lymphoid_neoplasm/lymphoplasmacytic_lymphoma
CXCR4,ENST00000409817.1,https://cancer.sanger.ac.uk/cosmic/mutation/overview?id=48730364,COSM9214116,COSV104385441,2:136872900-136872900,2:136115330-136115330,Nonsense,c.610C>T,G,A,haematopoietic_and_lymphoid_tissue/lymphoid_neoplasm/Burkitt_lymphoma
CXCR4,ENST00000409817.1,https://cancer.sanger.ac.uk/cosmic/mutation/overview?id=48729525,COSM5981986,COSV54009912,2:136872485-136872485,2:136114915-136114915,Nonsense,c.1025C>G,G,C,haematopoietic_and_lymphoid_tissue/lymphoid_neoplasm/B_cell_lymphoma_unspecified;haematopoietic_and_lymphoid_tissue/lymphoid_neoplasm/lymphoplasmacytic_lymphoma;haematopoietic_and_lymphoid_tissue/lymphoid_neoplasm/monoclonal_gammopathy_of_undetermined_significance
STAT4,ENST00000392320.2,https://cancer.sanger.ac.uk/cosmic/mutation/overview?id=42867448,COSM7411110,COSV100636000,2:191927565-191927565,2:191062839-191062839,Nonsense,c.864T>A,A,T,lung/carcinoma/adenocarcinoma
ROBO2,ENST00000487694.3,https://cancer.sanger.ac.uk/cosmic/mutation/overview?id=68766328,COSM1131352,COSV72213580,3:75986741-75986741,3:75937590-75937590,Nonsense,c.97G>T,G,T,soft_tissue/haemangioblastoma/NS
TOMM70,ENST00000284320.5,https://cancer.sanger.ac.uk/cosmic/mutation/overview?id=24932312,COSM298937,COSV52522005,3:100091564-100091564,3:100372720-100372720,Nonsense,c.1338C>A,G,T,endometrium/carcinoma/endometrioid_carcinoma
PABPC4L,ENST00000529122.2,https://cancer.sanger.ac.uk/cosmic/mutation/overview?id=81091647,COSM9856669,COSV105345466,4:135121742-135121742,4:134200587-134200587,Nonsense,c.607C>T,G,A,large_intestine/adenoma/tubulovillous
TBC1D9B,ENST00000356834.3,https://cancer.sanger.ac.uk/cosmic/mutation/overview?id=33459927,COSM9967549,COSV105911815,5:179294783-179294783,5:179867783-179867783,Nonsense,c.2858C>G,G,C,thyroid/carcinoma/Hurthle_cell_carcinoma
KMT2C,ENST00000262189.6,https://cancer.sanger.ac.uk/cosmic/mutation/overview?id=22404321,COSM33306,COSV51279719,7:151879229-151879229,7:152182144-152182144,Nonsense,c.5716C>T,G,A,urinary_tract/carcinoma/transitional_cell_carcinoma
KMT2C,ENST00000262189.6,https://cancer.sanger.ac.uk/cosmic/mutation/overview?id=22394846,COSM230133,COSV51275177,7:151962134-151962134,7:152265049-152265049,Nonsense,c.1173C>A,G,T,meninges/meningioma/NS;meninges/meningioma/angiomatous;meninges/meningioma/atypical;meninges/meningioma/fibroblastic;meninges/meningioma/meningothelial;meninges/meningioma/transitional;soft_tissue/haemangioblastoma/NS
KMT2C,ENST00000262189.6,https://cancer.sanger.ac.uk/cosmic/mutation/overview?id=22404181,COSM9857084,COSV105087258,7:151878680-151878680,7:152181595-152181595,Nonsense,c.6265C>T,G,A,urinary_tract/carcinoma/transitional_cell_carcinoma
KMT2C,ENST00000262189.6,https://cancer.sanger.ac.uk/cosmic/mutation/overview?id=22396916,COSM3733335,COSV51279212,7:151945256-151945256,7:152248171-152248171,Nonsense,c.2263C>T,G,A,haematopoietic_and_lymphoid_tissue/lymphoid_neoplasm/T_cell_prolymphocytic_leukaemia
KMT2C,ENST00000262189.6,https://cancer.sanger.ac.uk/cosmic/mutation/overview?id=22403964,COSM3304675,COSV51292889,7:151970896-151970896,7:152273811-152273811,Nonsense,c.906T>A,A,T,haematopoietic_and_lymphoid_tissue/haematopoietic_neoplasm/essential_thrombocythaemia
DNAH11,ENST00000328843.6,https://cancer.sanger.ac.uk/cosmic/mutation/overview?id=30291575,COSM3762574,COSV60985202,7:21582963-21582963,7:21543345-21543345,Nonsense,c.100G>T,G,T,soft_tissue/gastrointestinal_stromal_tumour/NS
COBL,ENST00000265136.7,https://cancer.sanger.ac.uk/cosmic/mutation/overview?id=24571784,COSM3381952,COSV54337256,7:51094299-51094299,7:51026602-51026602,Nonsense,c.3448C>T,G,A,pancreas/carcinoma/NS
IDO2,ENST00000502986.2,https://cancer.sanger.ac.uk/cosmic/mutation/overview?id=73534948,COSM3763341,COSV58423710,8:39872935-39872935,8:40015416-40015416,Nonsense,c.1077T>A,T,A,soft_tissue/gastrointestinal_stromal_tumour/NS
TAF1L,ENST00000242310.4,https://cancer.sanger.ac.uk/cosmic/mutation/overview?id=23538768,COSM455832,COSV54258619,9:32634818-32634818,9:32634820-32634820,Nonsense,c.760C>T,G,A,skin/carcinoma/basal_cell_carcinoma
FOXD4L3,ENST00000342833.2,https://cancer.sanger.ac.uk/cosmic/mutation/overview?id=32348003,COSM1716044,COSV61551261,9:70918189-70918189,9:68303273-68303273,Nonsense,c.322A>T,A,T,upper_aerodigestive_tract/carcinoma/squamous_cell_carcinoma
TET1,ENST00000373644.4,https://cancer.sanger.ac.uk/cosmic/mutation/overview?id=40149811,COSM9859318,COSV105301799,10:70412265-70412265,10:68652508-68652508,Nonsense,c.4375C>T,C,T,urinary_tract/carcinoma/transitional_cell_carcinoma
ATM,ENST00000278616.4,https://cancer.sanger.ac.uk/cosmic/mutation/overview?id=20675980,COSM341573,COSV53730625,11:108141824-108141824,11:108271097-108271097,Nonsense,c.2872G>T,G,T,pancreas/other/dysplasia-in_situ_neoplasm
KMT2D,ENST00000301067.7,https://cancer.sanger.ac.uk/cosmic/mutation/overview?id=27727093,COSM415823,COSV56429213,12:49434415-49434415,12:49040632-49040632,Nonsense,c.7138C>T,G,A,haematopoietic_and_lymphoid_tissue/lymphoid_neoplasm/Burkitt_lymphoma
KMT2D,ENST00000301067.7,https://cancer.sanger.ac.uk/cosmic/mutation/overview?id=27728105,COSM6506407,COSV56463580,12:49445275-49445275,12:49051492-49051492,Nonsense,c.2191G>T,C,A,breast/carcinoma/acinic_cell_carcinoma
PABPC3,ENST00000281589.3,https://cancer.sanger.ac.uk/cosmic/mutation/overview?id=22747071,COSM4591024,COSV55796319,13:25671210-25671210,13:25097072-25097072,Nonsense,c.874C>T,C,T,soft_tissue/gastrointestinal_stromal_tumour/NS;upper_aerodigestive_tract/carcinoma/squamous_cell_carcinoma
PABPC3,ENST00000281589.3,https://cancer.sanger.ac.uk/cosmic/mutation/overview?id=22747100,COSM3773671,COSV55796730,13:25671369-25671369,13:25097231-25097231,Nonsense,c.1033G>T,G,T,soft_tissue/gastrointestinal_stromal_tumour/NS;upper_aerodigestive_tract/carcinoma/squamous_cell_carcinoma
ENOX1,ENST00000261488.6,https://cancer.sanger.ac.uk/cosmic/mutation/overview?id=20862882,COSM7212098,COSV54908988,13:43810835-43810835,13:43236699-43236699,Nonsense,c.1651C>T,G,A,pancreas/carcinoma/NS
RNF43,ENST00000584437.1,https://cancer.sanger.ac.uk/cosmic/mutation/overview?id=94428518,COSM9860941,COSV105338959,17:56436002-56436002,17:58358641-58358641,Nonsense,c.1135C>T,G,A,pancreas/other/dysplasia-in_situ_neoplasm
SMAD4,ENST00000342988.3,https://cancer.sanger.ac.uk/cosmic/mutation/overview?id=32621031,COSM1150733,COSV61685139,18:48575677-48575677,18:51049307-51049307,Nonsense,c.437T>G,T,G,lung/carcinoma/non_small_cell_carcinoma
ARHGAP35,ENST00000404338.3,https://cancer.sanger.ac.uk/cosmic/mutation/overview?id=48139174,COSM998610,COSV68329150,19:47424921-47424921,19:46921664-46921664,Nonsense,c.2989C>T,C,T,endometrium/carcinoma/endometrioid_carcinoma
DNM2,ENST00000389253.4,https://cancer.sanger.ac.uk/cosmic/mutation/overview?id=41287469,COSM1390216,COSV58957366,19:10934546-10934546,19:10823870-10823870,Nonsense,c.1864C>T,C,T,large_intestine/adenoma/tubulovillous
XRCC6,ENST00000359308.4,https://cancer.sanger.ac.uk/cosmic/mutation/overview?id=35674415,COSM5611205,COSV63752350,22:42032159-42032159,22:41636155-41636155,Nonsense,c.238C>T,C,T,prostate/carcinoma/adenocarcinoma
RBM10,ENST00000377604.3,https://cancer.sanger.ac.uk/cosmic/mutation/overview?id=43028031,COSM7410396,COSV100237048,X:47032594-47032594,X:47173195-47173195,Nonsense,c.500C>A,C,A,lung/carcinoma/non_small_cell_carcinoma
RBM10,ENST00000377604.3,https://cancer.sanger.ac.uk/cosmic/mutation/overview?id=43028520,COSM5015748,COSV61307701,X:47044595-47044595,X:47185196-47185196,Nonsense,c.2092G>T,G,T,pancreas/carcinoma/NS
ZNF276,ENST00000443381.2,https://cancer.sanger.ac.uk/cosmic/mutation/overview?id=58627831,COSM5748939,COSV57065645,16:89789760-89789760,16:89723352-89723352,Nonsense,c.649C>T,C,T,pancreas/carcinoma/NS
PIM1,ENST00000373509.5,https://cancer.sanger.ac.uk/cosmic/mutation/overview?id=39620981,COSM327134,COSV65164547,6:37139039-37139039,6:37171263-37171263,Nonsense,c.379C>T,C,T,haematopoietic_and_lymphoid_tissue/lymphoid_neoplasm/primary_central_nervous_system_lymphoma
S1PR1,ENST00000305352.6,https://cancer.sanger.ac.uk/cosmic/mutation/overview?id=27394130,COSM5704806,COSV59512774,1:101705564-101705564,1:101240008-101240008,Nonsense,c.1024C>T,C,T,haematopoietic_and_lymphoid_tissue/lymphoid_neoplasm/adult_T_cell_lymphoma-leukaemia
MSH2,ENST00000233146.2,https://cancer.sanger.ac.uk/cosmic/mutation/overview?id=21230427,COSM9102654,COSV99252937,2:47703568-47703568,2:47476429-47476429,Nonsense,c.2068C>T,C,T,large_intestine/adenoma/NS
KRTAP4-8,ENST00000333822.4,https://cancer.sanger.ac.uk/cosmic/mutation/overview?id=28087300,COSM3773802,COSV61564567,17:39254247-39254247,17:41097995-41097995,Nonsense,c.90T>A,A,T,haematopoietic_and_lymphoid_tissue/lymphoid_neoplasm/T_cell_prolymphocytic_leukaemia
PPARG,ENST00000287820.6,https://cancer.sanger.ac.uk/cosmic/mutation/overview?id=23733963,COSM4138391,COSV55143753,3:12475641-12475641,3:12434142-12434142,Nonsense,c.1515C>G,C,G,ovary/carcinoma/mixed_adenosquamous_carcinoma
LILRA1,ENST00000251372.3,https://cancer.sanger.ac.uk/cosmic/mutation/overview?id=21541053,COSM1681360,COSV52183232,19:55107223-55107223,19:54595758-54595758,Nonsense,c.781G>T,G,T,haematopoietic_and_lymphoid_tissue/lymphoid_neoplasm/T_cell_prolymphocytic_leukaemia
FUT2,ENST00000425340.2,https://cancer.sanger.ac.uk/cosmic/mutation/overview?id=52547441,COSM439920,COSV67178879,19:49206674-49206674,19:48703417-48703417,Nonsense,c.461G>A,G,A,soft_tissue/gastrointestinal_stromal_tumour/NS
MAGEB16,ENST00000399989.1,https://cancer.sanger.ac.uk/cosmic/mutation/overview?id=47652488,COSM5905173,COSV67873654,X:35821127-35821127,X:35803010-35803010,Nonsense,c.814C>T,C,T,soft_tissue/gastrointestinal_stromal_tumour/NS
MS4A12,ENST00000016913.4,https://cancer.sanger.ac.uk/cosmic/mutation/overview?id=20417851,COSM3752538,COSV50014135,11:60265002-60265002,11:60497529-60497529,Nonsense,c.211C>T,C,T,soft_tissue/gastrointestinal_stromal_tumour/NS
OR4C5,ENST00000319813.3,https://cancer.sanger.ac.uk/cosmic/mutation/overview?id=25446578,COSM1604622,COSV60561780,11:48387900-48387900,11:48366348-48366348,Nonsense,c.118C>T,G,A,soft_tissue/gastrointestinal_stromal_tumour/NS
OR4C5,ENST00000319813.3,https://cancer.sanger.ac.uk/cosmic/mutation/overview?id=25446570,COSM4854678,COSV60561678,11:48387850-48387850,11:48366298-48366298,Nonsense,c.168C>A,G,T,soft_tissue/gastrointestinal_stromal_tumour/NS
OR4C5,ENST00000319813.3,https://cancer.sanger.ac.uk/cosmic/mutation/overview?id=25446383,COSM5424502,COSV60562873,11:48387201-48387201,11:48365649-48365649,Nonsense,c.817C>T,G,A,soft_tissue/gastrointestinal_stromal_tumour/NS
OR4C5,ENST00000319813.3,https://cancer.sanger.ac.uk/cosmic/mutation/overview?id=25446598,COSM3746244,COSV60561709,11:48387978-48387978,11:48366426-48366426,Nonsense,c.40A>T,T,A,soft_tissue/gastrointestinal_stromal_tumour/NS
OR52N4,ENST00000317254.3,https://cancer.sanger.ac.uk/cosmic/mutation/overview?id=27045555,COSM3998482,COSV57890155,11:5776484-5776484,11:5755254-5755254,Nonsense,c.514A>T,A,T,soft_tissue/gastrointestinal_stromal_tumour/NS
VANGL1,ENST00000355485.2,https://cancer.sanger.ac.uk/cosmic/mutation/overview?id=33427420,COSM4142183,COSV59619222,1:116226631-116226631,1:115684010-115684010,Nonsense,c.1013C>A,C,A,upper_aerodigestive_tract/carcinoma/squamous_cell_carcinoma
ANKRD36,ENST00000420699.2,https://cancer.sanger.ac.uk/cosmic/mutation/overview?id=50874405,COSM4134175,COSV70736275,2:97817661-97817661,2:97151924-97151924,Nonsense,c.1147C>T,C,T,haematopoietic_and_lymphoid_tissue/lymphoid_neoplasm/T_cell_prolymphocytic_leukaemia
LRP1B,ENST00000389484.3,https://cancer.sanger.ac.uk/cosmic/mutation/overview?id=42450765,COSM139402,COSV63341596,2:141751622-141751622,2:140994053-140994053,Nonsense,c.2586G>A,C,T,skin/carcinoma/basal_cell_carcinoma
TOGARAM2,ENST00000379558.4,https://cancer.sanger.ac.uk/cosmic/mutation/overview?id=40482440,COSM7410665,COSV101090844,2:29268222-29268222,2:29045356-29045356,Nonsense,c.2668C>T,C,T,lung/carcinoma/adenocarcinoma
IGSF11,ENST00000393775.2,https://cancer.sanger.ac.uk/cosmic/mutation/overview?id=47263955,COSM7411118,COSV100676918,3:118621426-118621426,3:118902579-118902579,Nonsense,c.1237C>T,G,A,lung/carcinoma/adenocarcinoma
CENPE,ENST00000265148.3,https://cancer.sanger.ac.uk/cosmic/mutation/overview?id=24610739,COSM7455411,COSV99476712,4:104070301-104070301,4:103149144-103149144,Nonsense,c.3661G>T,C,A,biliary_tract/carcinoma/adenocarcinoma
PRIM2,ENST00000607273.1,https://cancer.sanger.ac.uk/cosmic/mutation/overview?id=98669438,COSM4161300,COSV67291773,6:57398270-57398270,6:57537578-57537578,Nonsense,c.973C>T,C,T,upper_aerodigestive_tract/carcinoma/squamous_cell_carcinoma
GTF2I,ENST00000324896.4,https://cancer.sanger.ac.uk/cosmic/mutation/overview?id=25957916,COSM9859416,COSV105203909,7:74120746-74120746,7:74706415-74706415,Nonsense,c.667G>T,G,T,urinary_tract/carcinoma/transitional_cell_carcinoma
GATA3,ENST00000379328.3,https://cancer.sanger.ac.uk/cosmic/mutation/overview?id=39641532,COSM5703730,COSV60515079,10:8100314-8100314,10:8058351-8058351,Nonsense,c.288G>A,G,A,haematopoietic_and_lymphoid_tissue/lymphoid_neoplasm/adult_T_cell_lymphoma-leukaemia
GATA3,ENST00000379328.3,https://cancer.sanger.ac.uk/cosmic/mutation/overview?id=39648921,COSM5703720,COSV60515587,10:8097807-8097807,10:8055844-8055844,Nonsense,c.189C>G,C,G,haematopoietic_and_lymphoid_tissue/lymphoid_neoplasm/adult_T_cell_lymphoma-leukaemia
RESF1,ENST00000312561.4,https://cancer.sanger.ac.uk/cosmic/mutation/overview?id=26991114,COSM10540244,COSV107356440,12:32138789-32138789,12:31985855-31985855,Nonsense,c.4900G>T,G,T,soft_tissue/gastrointestinal_stromal_tumour/NS
CACNA1C,ENST00000347598.4,https://cancer.sanger.ac.uk/cosmic/mutation/overview?id=31174875,COSM5012474,COSV59701712,12:2797817-2797817,12:2688651-2688651,Nonsense,c.6133G>T,G,T,skin/carcinoma/squamous_cell_carcinoma
ING1,ENST00000375774.3,https://cancer.sanger.ac.uk/cosmic/mutation/overview?id=40617007,COSM201010,COSV58167363,13:111372025-111372025,13:110719678-110719678,Nonsense,c.1015C>T,C,T,endometrium/carcinoma/endometrioid_carcinoma
WDR72,ENST00000396328.1,https://cancer.sanger.ac.uk/cosmic/mutation/overview?id=46982924,COSM10509924,COSV107472632,15:54005049-54005049,15:53712852-53712852,Nonsense,c.631G>T,C,A,thyroid/carcinoma/Hurthle_cell_carcinoma
MAP2K3,ENST00000342679.4,https://cancer.sanger.ac.uk/cosmic/mutation/overview?id=31980645,COSM4590822,COSV57561420,17:21204210-21204210,17:21300898-21300898,Nonsense,c.304C>T,C,T,soft_tissue/gastrointestinal_stromal_tumour/NS;upper_aerodigestive_tract/carcinoma/squamous_cell_carcinoma
TCF4,ENST00000398339.1,https://cancer.sanger.ac.uk/cosmic/mutation/overview?id=45328745,COSM989042,COSV61890253,18:53017619-53017619,18:55350388-55350388,Nonsense,c.826C>T,G,A,endometrium/carcinoma/endometrioid_carcinoma
DUXA,ENST00000554048.2,https://cancer.sanger.ac.uk/cosmic/mutation/overview?id=88652270,COSM1204744,COSV73729528,19:57666725-57666725,19:57155357-57155357,Nonsense,c.454C>T,G,A,NS/malignant_melanoma/NS
NF2,ENST00000338641.4,https://cancer.sanger.ac.uk/cosmic/mutation/overview?id=33098295,COSM22000,COSV58519772,22:30057302-30057302,22:29661313-29661313,Nonsense,c.784C>T,C,T,soft_tissue/schwannoma/NS
NF2,ENST00000338641.4,https://cancer.sanger.ac.uk/cosmic/mutation/overview?id=33099069,COSM22254,COSV58520570,22:30051652-30051652,22:29655663-29655663,Nonsense,c.586C>T,C,T,meninges/meningioma/anaplastic
NF2,ENST00000338641.4,https://cancer.sanger.ac.uk/cosmic/mutation/overview?id=33097608,COSM21991,COSV58519659,22:30032794-30032794,22:29636805-29636805,Nonsense,c.169C>T,C,T,meninges/meningioma/NS;pleura/mesothelioma/NS;soft_tissue/schwannoma/NS
NF2,ENST00000338641.4,https://cancer.sanger.ac.uk/cosmic/mutation/overview?id=33099578,COSM22209,COSV58524669,22:30069363-30069363,22:29673374-29673374,Nonsense,c.1228C>T,C,T,meninges/meningioma/fibroblastic
NF2,ENST00000338641.4,https://cancer.sanger.ac.uk/cosmic/mutation/overview?id=33097043,COSM21990,COSV58520213,22:30067836-30067836,22:29671847-29671847,Nonsense,c.1021C>T,C,T,meninges/meningioma/transitional;pleura/mesothelioma/NS;soft_tissue/schwannoma/NS
H2BFM,ENST00000355016.3,https://cancer.sanger.ac.uk/cosmic/mutation/overview?id=31868547,COSM3992276,COSV54581903,X:103294760-103294760,X:104040193-104040193,Nonsense,c.217C>T,C,T,lung/carcinoma/NS;soft_tissue/gastrointestinal_stromal_tumour/NS
AMER1,ENST00000330258.3,https://cancer.sanger.ac.uk/cosmic/mutation/overview?id=27113883,COSM22960,COSV57654223,X:63412095-63412095,X:64192215-64192215,Nonsense,c.1072C>T,G,A,kidney/Wilms_tumour/NS
C2orf83,ENST00000264387.4,https://cancer.sanger.ac.uk/cosmic/mutation/overview?id=22813843,COSM7214525,COSV52311803,2:228476140-228476140,2:227611424-227611424,Nonsense,c.423G>A,C,T,soft_tissue/gastrointestinal_stromal_tumour/NS
PPM1D,ENST00000305921.3,https://cancer.sanger.ac.uk/cosmic/mutation/overview?id=27916355,COSM2793544,COSV59954743,17:58740467-58740467,17:60663106-60663106,Nonsense,c.1372C>T,C,T,skin/carcinoma/basal_cell_carcinoma
PPM1D,ENST00000305921.3,https://cancer.sanger.ac.uk/cosmic/mutation/overview?id=27917277,COSM98068,COSV59955237,17:58740529-58740529,17:60663168-60663168,Nonsense,c.1434C>A,C,A,haematopoietic_and_lymphoid_tissue/lymphoid_neoplasm/Hodgkin_lymphoma
PPM1D,ENST00000305921.3,https://cancer.sanger.ac.uk/cosmic/mutation/overview?id=27916664,COSM982226,COSV59954404,17:58740749-58740749,17:60663388-60663388,Nonsense,c.1654C>T,C,T,haematopoietic_and_lymphoid_tissue/lymphoid_neoplasm/diffuse_large_B_cell_lymphoma
SLC11A2,ENST00000394904.3,https://cancer.sanger.ac.uk/cosmic/mutation/overview?id=48278301,COSM328521,COSV50369570,12:51388333-51388333,12:50994550-50994550,Nonsense,c.1158C>A,G,T,kidney/carcinoma/clear_cell_renal_cell_carcinoma
SLC22A10,ENST00000332793.6,https://cancer.sanger.ac.uk/cosmic/mutation/overview?id=30159334,COSM7244713,COSV60420368,11:63057925-63057925,11:63290453-63290453,Nonsense,c.288G>A,G,A,soft_tissue/gastrointestinal_stromal_tumour/NS
OR10X1,ENST00000368150.1,https://cancer.sanger.ac.uk/cosmic/mutation/overview?id=36061368,COSM4415422,COSV63767043,1:158549492-158549492,1:158579702-158579702,Nonsense,c.198G>A,C,T,soft_tissue/gastrointestinal_stromal_tumour/NS
C17orf98,ENST00000398575.4,https://cancer.sanger.ac.uk/cosmic/mutation/overview?id=45984394,COSM2837448,COSV68410366,17:36997615-36997615,,Nonsense,c.28C>T,G,A,biliary_tract/carcinoma/adenocarcinoma
AMPD1,ENST00000520113.2,https://cancer.sanger.ac.uk/cosmic/mutation/overview?id=78087553,COSM423522,COSV62415596,1:115236057-115236057,1:114693436-114693436,Nonsense,c.133C>T,G,A,soft_tissue/rhabdomyosarcoma/alveolar;soft_tissue/rhabdomyosarcoma/embryonal
PRAMEF1,ENST00000332296.7,https://cancer.sanger.ac.uk/cosmic/mutation/overview?id=29677956,COSM1626358,COSV60004981,1:12854090-12854090,1:12793941-12793941,Nonsense,c.314T>A,T,A,soft_tissue/gastrointestinal_stromal_tumour/NS;thyroid/other/neoplasm;upper_aerodigestive_tract/carcinoma/squamous_cell_carcinoma
DVL1,ENST00000378891.5,https://cancer.sanger.ac.uk/cosmic/mutation/overview?id=43164258,COSM6394978,COSV59565922,1:1273366-1273366,1:1337986-1337986,Nonsense,c.1630C>T,G,A,urinary_tract/carcinoma/transitional_cell_carcinoma
MGAT5,ENST00000409645.1,https://cancer.sanger.ac.uk/cosmic/mutation/overview?id=51793228,COSM7410739,COSV99924137,2:135093824-135093824,2:134336253-134336253,Nonsense,c.610A>T,A,T,lung/carcinoma/adenocarcinoma
B3GALT1,ENST00000392690.3,https://cancer.sanger.ac.uk/cosmic/mutation/overview?id=42534085,COSM5748878,COSV59907953,2:168726144-168726144,2:167869634-167869634,Nonsense,c.595C>T,C,T,pancreas/carcinoma/NS
OR5K2,ENST00000427338.1,https://cancer.sanger.ac.uk/cosmic/mutation/overview?id=53375878,COSM3760284,COSV71143267,3:98217178-98217178,3:98498334-98498334,Nonsense,c.654T>A,T,A,soft_tissue/gastrointestinal_stromal_tumour/NS
ARHGEF5,ENST00000056217.5,https://cancer.sanger.ac.uk/cosmic/mutation/overview?id=21056654,COSM1488330,COSV50207687,7:144062632-144062632,7:144365539-144365539,Nonsense,c.2870C>G,C,G,haematopoietic_and_lymphoid_tissue/lymphoid_neoplasm/T_cell_prolymphocytic_leukaemia
VPS13B,ENST00000358544.2,https://cancer.sanger.ac.uk/cosmic/mutation/overview?id=32582981,COSM7410918,COSV100660669,8:100127970-100127970,8:99115742-99115742,Nonsense,c.805C>T,C,T,lung/carcinoma/adenocarcinoma
PCMTD1,ENST00000360540.5,https://cancer.sanger.ac.uk/cosmic/mutation/overview?id=38023363,COSM234283,COSV62119338,8:52733231-52733231,8:51820671-51820671,Nonsense,c.754C>T,G,A,thyroid/carcinoma/NS;thyroid/other/neoplasm
RP1,ENST00000220676.1,https://cancer.sanger.ac.uk/cosmic/mutation/overview?id=23126148,COSM3413066,COSV55110264,8:55537454-55537454,8:54624894-54624894,Nonsense,c.1012C>T,C,T,skin/carcinoma/basal_cell_carcinoma
BMS1,ENST00000374518.5,https://cancer.sanger.ac.uk/cosmic/mutation/overview?id=40172992,COSM1347790,COSV65733132,10:43318659-43318659,10:42823211-42823211,Nonsense,c.3226C>T,C,T,haematopoietic_and_lymphoid_tissue/lymphoid_neoplasm/T_cell_prolymphocytic_leukaemia
PKNOX2,ENST00000298282.9,https://cancer.sanger.ac.uk/cosmic/mutation/overview?id=25077251,COSM7457059,COSV100019740,11:125301178-125301178,11:125431282-125431282,Nonsense,c.1309G>T,G,T,biliary_tract/carcinoma/adenocarcinoma
MUC6,ENST00000421673.2,https://cancer.sanger.ac.uk/cosmic/mutation/overview?id=53365401,COSM5837642,COSV70139823,11:1017592-1017592,11:1017592-1017592,Nonsense,c.5209C>T,G,A,haematopoietic_and_lymphoid_tissue/lymphoid_neoplasm/T_cell_prolymphocytic_leukaemia
MUC6,ENST00000421673.2,https://cancer.sanger.ac.uk/cosmic/mutation/overview?id=53359612,COSM3931190,COSV70132652,11:1017041-1017041,11:1017041-1017041,Nonsense,c.5760C>A,G,T,upper_aerodigestive_tract/carcinoma/squamous_cell_carcinoma
HYDIN,ENST00000393567.2,https://cancer.sanger.ac.uk/cosmic/mutation/overview?id=46507840,COSM9857351,COSV105184785,16:70954790-70954790,16:70920887-70920887,Nonsense,c.7489C>T,G,A,urinary_tract/carcinoma/transitional_cell_carcinoma
GP1BA,ENST00000329125.5,https://cancer.sanger.ac.uk/cosmic/mutation/overview?id=25993819,COSM7411251,COSV99850840,17:4837598-4837598,17:4934303-4934303,Nonsense,c.1699C>T,C,T,lung/carcinoma/adenocarcinoma
TP53,ENST00000269305.4,https://cancer.sanger.ac.uk/cosmic/mutation/overview?id=23871920,COSM10663,COSV52662281,17:7577022-7577022,17:7673704-7673704,Nonsense,c.916C>T,G,A,breast/carcinoma/basal_(triple-negative)_carcinoma;haematopoietic_and_lymphoid_tissue/lymphoid_neoplasm/acute_lymphoblastic_leukaemia;small_intestine/carcinoma/adenocarcinoma;stomach/carcinoma/NS
TP53,ENST00000269305.4,https://cancer.sanger.ac.uk/cosmic/mutation/overview?id=23873179,COSM11073,COSV52665487,17:7574003-7574003,17:7670685-7670685,Nonsense,c.1024C>T,G,A,NS/malignant_melanoma/NS;breast/carcinoma/ductolobular_carcinoma;oesophagus/carcinoma/NS;oesophagus/carcinoma/squamous_cell_carcinoma;skin/carcinoma/Merkel_cell_carcinoma;stomach/carcinoma/NS
TP53,ENST00000269305.4,https://cancer.sanger.ac.uk/cosmic/mutation/overview?id=23885811,COSM10710,COSV52661551,17:7577046-7577046,17:7673728-7673728,Nonsense,c.892G>T,C,A,lung/carcinoma/large_cell_neuroendocrine_carcinoma
TP53,ENST00000269305.4,https://cancer.sanger.ac.uk/cosmic/mutation/overview?id=23979788,COSM21593,COSV52676498,17:7579329-7579329,17:7676011-7676011,Nonsense,c.358A>T,T,A,lung/carcinoma/small_cell_carcinoma
TP53,ENST00000269305.4,https://cancer.sanger.ac.uk/cosmic/mutation/overview?id=23870921,COSM10654,COSV52665560,17:7578212-7578212,17:7674894-7674894,Nonsense,c.637C>T,G,A,breast/carcinoma/basal_(triple-negative)_carcinoma;endometrium/carcinoma/carcinosarcoma-malignant_mesodermal_mixed_tumour;endometrium/carcinoma/serous_carcinoma;oesophagus/carcinoma/adenocarcinoma;oesophagus/carcinoma/squamous_cell_carcinoma;ovary/carcinoma/mucinous_carcinoma;skin/carcinoma/Merkel_cell_carcinoma;skin/carcinoma/basal_cell_carcinoma;skin/carcinoma/squamous_cell_carcinoma;stomach/carcinoma/intestinal_adenocarcinoma;upper_aerodigestive_tract/carcinoma/NS
TP53,ENST00000269305.4,https://cancer.sanger.ac.uk/cosmic/mutation/overview?id=23873623,COSM10705,COSV52663748,17:7578263-7578263,17:7674945-7674945,Nonsense,c.586C>T,G,A,NS/malignant_melanoma/NS;skin/adnexal_tumour/malignant_adnexal_tumour;skin/carcinoma/basal_cell_carcinoma;small_intestine/carcinoma/adenocarcinoma;stomach/carcinoma/NS;upper_aerodigestive_tract/carcinoma/NS
CEBPA,ENST00000498907.2,https://cancer.sanger.ac.uk/cosmic/mutation/overview?id=73054576,COSM18300,COSV57201379,19:33792321-33792321,19:33301415-33301415,Nonsense,c.1000G>T,C,A,haematopoietic_and_lymphoid_tissue/haematopoietic_neoplasm/acute_myeloid_leukaemia_associated_with_MDS
ASXL1,ENST00000375687.4,https://cancer.sanger.ac.uk/cosmic/mutation/overview?id=40159539,COSM41598,COSV60102210,20:31021211-31021211,20:32433408-32433408,Nonsense,c.1210C>T,C,T,haematopoietic_and_lymphoid_tissue/haematopoietic_neoplasm/acute_leukaemic_transformation_of_primary_myelofibrosis
ASXL1,ENST00000375687.4,https://cancer.sanger.ac.uk/cosmic/mutation/overview?id=40161801,COSM53200,COSV60102917,20:31022288-31022288,20:32434485-32434485,Nonsense,c.1773C>G,C,G,haematopoietic_and_lymphoid_tissue/haematopoietic_neoplasm/chronic_myeloid_leukaemia
ASXL1,ENST00000375687.4,https://cancer.sanger.ac.uk/cosmic/mutation/overview?id=40158681,COSM51388,COSV60102332,20:31022592-31022592,20:32434789-32434789,Nonsense,c.2077C>T,C,T,haematopoietic_and_lymphoid_tissue/haematopoietic_neoplasm/chronic_myeloid_leukaemia;haematopoietic_and_lymphoid_tissue/haematopoietic_neoplasm/chronic_myelomonocytic_leukaemia;pancreas/carcinoma/NS
PFKFB1,ENST00000375006.3,https://cancer.sanger.ac.uk/cosmic/mutation/overview?id=42364166,COSM7411301,COSV100895652,X:54987330-54987330,X:54960897-54960897,Nonsense,c.244C>T,G,A,lung/carcinoma/adenocarcinoma
EFCAB13,ENST00000331493.2,https://cancer.sanger.ac.uk/cosmic/mutation/overview?id=28510009,COSM5426256,COSV58946778,17:45425287-45425287,17:47347921-47347921,Nonsense,c.631C>T,C,T,soft_tissue/gastrointestinal_stromal_tumour/NS
LTV1,ENST00000367576.5,https://cancer.sanger.ac.uk/cosmic/mutation/overview?id=38821095,COSM257334,COSV52785429,6:144184235-144184235,6:143863098-143863098,Nonsense,c.1129C>T,C,T,endometrium/carcinoma/endometrioid_carcinoma
CCR4,ENST00000330953.5,https://cancer.sanger.ac.uk/cosmic/mutation/overview?id=27894534,COSM5708709,COSV58381627,3:32995920-32995920,3:32954428-32954428,Nonsense,c.1006C>T,C,T,haematopoietic_and_lymphoid_tissue/lymphoid_neoplasm/adult_T_cell_lymphoma-leukaemia
CCR4,ENST00000330953.5,https://cancer.sanger.ac.uk/cosmic/mutation/overview?id=27893881,COSM5708702,COSV58381261,3:32995902-32995902,3:32954410-32954410,Nonsense,c.988C>T,C,T,haematopoietic_and_lymphoid_tissue/lymphoid_neoplasm/adult_T_cell_lymphoma-leukaemia
CCR4,ENST00000330953.5,https://cancer.sanger.ac.uk/cosmic/mutation/overview?id=27893847,COSM5708706,COSV58381294,3:32995907-32995907,3:32954415-32954415,Nonsense,c.993C>G,C,G,haematopoietic_and_lymphoid_tissue/lymphoid_neoplasm/adult_T_cell_lymphoma-leukaemia
CCR4,ENST00000330953.5,https://cancer.sanger.ac.uk/cosmic/mutation/overview?id=27893877,COSM5708705,COSV58381335,3:32995907-32995907,3:32954415-32954415,Nonsense,c.993C>A,C,A,haematopoietic_and_lymphoid_tissue/lymphoid_neoplasm/adult_T_cell_lymphoma-leukaemia
KRTAP2-2,ENST00000398477.1,https://cancer.sanger.ac.uk/cosmic/mutation/overview?id=45587547,COSM4591285,COSV66952565,17:39211182-39211182,17:41054930-41054930,Nonsense,c.282G>A,C,T,haematopoietic_and_lymphoid_tissue/lymphoid_neoplasm/T_cell_prolymphocytic_leukaemia;upper_aerodigestive_tract/carcinoma/squamous_cell_carcinoma
PRSS36,ENST00000268281.4,https://cancer.sanger.ac.uk/cosmic/mutation/overview?id=22901729,COSM5663673,COSV51640295,16:31151845-31151845,16:31140524-31140524,Nonsense,c.2135G>A,C,T,meninges/meningioma/anaplastic
CASP12,ENST00000422698.2,https://cancer.sanger.ac.uk/cosmic/mutation/overview?id=52861204,COSM4590659,COSV65258566,11:104763117-104763117,,Nonsense,c.373C>T,G,A,soft_tissue/gastrointestinal_stromal_tumour/NS;upper_aerodigestive_tract/carcinoma/squamous_cell_carcinoma
MOB3C,ENST00000271139.8,https://cancer.sanger.ac.uk/cosmic/mutation/overview?id=20701821,COSM10540717,COSV107217991,1:47080679-47080679,1:46615007-46615007,Nonsense,c.70C>T,G,A,soft_tissue/gastrointestinal_stromal_tumour/NS
NACA2,ENST00000521764.1,https://cancer.sanger.ac.uk/cosmic/mutation/overview?id=76841989,COSM4000247,COSV71713121,17:59667953-59667953,17:61590592-61590592,Nonsense,c.589C>T,G,A,lung/carcinoma/NS
C8A,ENST00000361249.3,https://cancer.sanger.ac.uk/cosmic/mutation/overview?id=35919321,COSM10010639,COSV105921582,1:57372395-57372395,1:56906722-56906722,Nonsense,c.1152T>G,T,G,biliary_tract/carcinoma/adenocarcinoma
EPHA2,ENST00000358432.5,https://cancer.sanger.ac.uk/cosmic/mutation/overview?id=35170384,COSM9857013,COSV105260397,1:16464606-16464606,1:16138111-16138111,Nonsense,c.1054C>T,G,A,urinary_tract/carcinoma/transitional_cell_carcinoma
UTP25,ENST00000491415.2,https://cancer.sanger.ac.uk/cosmic/mutation/overview?id=71067801,COSM328526,COSV71965715,1:210010179-210010179,1:209836834-209836834,Nonsense,c.685A>T,A,T,kidney/carcinoma/clear_cell_renal_cell_carcinoma
OBSCN,ENST00000570156.2,https://cancer.sanger.ac.uk/cosmic/mutation/overview?id=92445007,COSM7456786,COSV99476054,1:228524776-228524776,1:228337075-228337075,Nonsense,c.19480C>T,C,T,biliary_tract/carcinoma/adenocarcinoma
TMEM87B,ENST00000283206.4,https://cancer.sanger.ac.uk/cosmic/mutation/overview?id=24294009,COSM4302062,COSV51712558,2:112863603-112863603,2:112106026-112106026,Nonsense,c.1475C>A,C,A,upper_aerodigestive_tract/carcinoma/squamous_cell_carcinoma
COL4A4,ENST00000396625.3,https://cancer.sanger.ac.uk/cosmic/mutation/overview?id=48147466,COSM9860829,COSV105209401,2:227906933-227906933,2:227042217-227042217,Nonsense,c.3436G>T,C,A,pancreas/other/cystic_tumour
LHCGR,ENST00000294954.7,https://cancer.sanger.ac.uk/cosmic/mutation/overview?id=25307256,COSM95625,COSV54292419,2:48915276-48915276,2:48688137-48688137,Nonsense,c.1660C>T,G,A,urinary_tract/carcinoma/transitional_cell_carcinoma
SI,ENST00000264382.3,https://cancer.sanger.ac.uk/cosmic/mutation/overview?id=22773514,COSM1717059,COSV52264380,3:164737556-164737556,3:165019768-165019768,Nonsense,c.3257G>A,C,T,ovary/carcinoma/serous_carcinoma
SLC9B1,ENST00000296422.7,https://cancer.sanger.ac.uk/cosmic/mutation/overview?id=27342378,COSM4328494,COSV56466633,4:103826685-103826685,4:102905528-102905528,Nonsense,c.1318A>T,T,A,upper_aerodigestive_tract/carcinoma/squamous_cell_carcinoma
PRDM5,ENST00000264808.3,https://cancer.sanger.ac.uk/cosmic/mutation/overview?id=23771964,COSM7455425,COSV99309576,4:121675758-121675758,4:120754603-120754603,Nonsense,c.1573G>T,C,A,biliary_tract/carcinoma/adenocarcinoma
PCDHGB3,ENST00000576222.1,https://cancer.sanger.ac.uk/cosmic/mutation/overview?id=94003611,COSM509952,COSV53894285,5:140752107-140752107,5:141372540-141372540,Nonsense,c.2146C>T,C,T,pancreas/other/dysplasia-in_situ_neoplasm
SLC6A18,ENST00000324642.3,https://cancer.sanger.ac.uk/cosmic/mutation/overview?id=25586497,COSM4159380,COSV57250173,5:1240757-1240757,5:1240642-1240642,Nonsense,c.957C>G,C,G,soft_tissue/gastrointestinal_stromal_tumour/NS;soft_tissue/rhabdomyosarcoma/alveolar
IL20RA,ENST00000316649.5,https://cancer.sanger.ac.uk/cosmic/mutation/overview?id=26464036,COSM3015558,COSV57356495,6:137325799-137325799,6:137004662-137004662,Nonsense,c.823C>T,G,A,lung/carcinoma/adenocarcinoma
POT1,ENST00000357628.3,https://cancer.sanger.ac.uk/cosmic/mutation/overview?id=32147646,COSM6418849,COSV62927919,7:124465384-124465384,7:124825330-124825330,Nonsense,c.1714G>T,C,A,urinary_tract/carcinoma/transitional_cell_carcinoma
RALA,ENST00000005257.2,https://cancer.sanger.ac.uk/cosmic/mutation/overview?id=20129223,COSM136597,COSV50048788,7:39745749-39745749,7:39706150-39706150,Nonsense,c.526C>T,C,T,endometrium/carcinoma/endometrioid_carcinoma
CRISPLD1,ENST00000262207.4,https://cancer.sanger.ac.uk/cosmic/mutation/overview?id=22523628,COSM5748801,COSV51545699,8:75928853-75928853,8:75016618-75016618,Nonsense,c.781C>T,C,T,pancreas/other/cystic_tumour
DOCK8,ENST00000453981.1,https://cancer.sanger.ac.uk/cosmic/mutation/overview?id=59096168,COSM3982891,COSV66617383,9:463655-463655,9:463655-463655,Nonsense,c.6207C>A,C,A,thyroid/carcinoma/NS;upper_aerodigestive_tract/carcinoma/squamous_cell_carcinoma
MYBPC1,ENST00000452455.2,https://cancer.sanger.ac.uk/cosmic/mutation/overview?id=59036397,COSM3455130,COSV62250776,12:102038561-102038561,12:101644783-101644783,Nonsense,c.877C>T,C,T,skin/carcinoma/basal_cell_carcinoma
LRRK2,ENST00000298910.7,https://cancer.sanger.ac.uk/cosmic/mutation/overview?id=25639783,COSM1361411,COSV54150974,12:40692094-40692094,12:40298292-40298292,Nonsense,c.3146C>A,C,A,lung/carcinoma/adenocarcinoma
RB1,ENST00000267163.4,https://cancer.sanger.ac.uk/cosmic/mutation/overview?id=22106967,COSM891,COSV57297576,13:48941648-48941648,13:48367512-48367512,Nonsense,c.958C>T,C,T,eye/retinoblastoma/NS
RB1,ENST00000267163.4,https://cancer.sanger.ac.uk/cosmic/mutation/overview?id=22119264,COSM1477249,COSV57299384,13:48916747-48916747,13:48342611-48342611,Nonsense,c.277C>T,C,T,skin/carcinoma/Merkel_cell_carcinoma
RB1,ENST00000267163.4,https://cancer.sanger.ac.uk/cosmic/mutation/overview?id=22108813,COSM13404,COSV57296102,13:49050864-49050864,13:48476728-48476728,Nonsense,c.2548C>T,C,T,urinary_tract/carcinoma/small_cell_carcinoma
RB1,ENST00000267163.4,https://cancer.sanger.ac.uk/cosmic/mutation/overview?id=22112287,COSM879,COSV57296833,13:48942685-48942685,13:48368549-48368549,Nonsense,c.1072C>T,C,T,eye/retinoblastoma/NS
RB1,ENST00000267163.4,https://cancer.sanger.ac.uk/cosmic/mutation/overview?id=22107550,COSM892,COSV57294317,13:49027168-49027168,13:48453032-48453032,Nonsense,c.1735C>T,C,T,eye/retinoblastoma/NS
SLTM,ENST00000380516.2,https://cancer.sanger.ac.uk/cosmic/mutation/overview?id=43690569,COSM6437719,COSV51057628,15:59224593-59224593,15:58932394-58932394,Nonsense,c.212C>G,G,C,endometrium/carcinoma/carcinosarcoma-malignant_mesodermal_mixed_tumour
CDH1,ENST00000261769.5,https://cancer.sanger.ac.uk/cosmic/mutation/overview?id=21476546,COSM5731069,COSV55733946,16:68856020-68856020,16:68822117-68822117,Nonsense,c.1828C>T,C,T,breast/carcinoma/lobular_carcinoma
CDH1,ENST00000261769.5,https://cancer.sanger.ac.uk/cosmic/mutation/overview?id=21476281,COSM19503,COSV55726950,16:68772218-68772218,16:68738315-68738315,Nonsense,c.67C>T,C,T,breast/carcinoma/lobular_carcinoma
NCOR1,ENST00000268712.3,https://cancer.sanger.ac.uk/cosmic/mutation/overview?id=23212342,COSM4129609,COSV51959653,17:16068343-16068343,17:16165029-16165029,Nonsense,c.568C>T,G,A,soft_tissue/gastrointestinal_stromal_tumour/NS;upper_aerodigestive_tract/carcinoma/squamous_cell_carcinoma
OMG,ENST00000247271.4,https://cancer.sanger.ac.uk/cosmic/mutation/overview?id=20370207,COSM9857038,COSV105059119,17:29623250-29623250,17:31296232-31296232,Nonsense,c.100G>T,C,A,urinary_tract/carcinoma/transitional_cell_carcinoma
MAST1,ENST00000251472.4,https://cancer.sanger.ac.uk/cosmic/mutation/overview?id=21598306,COSM9857278,COSV105088183,19:12969475-12969475,19:12858661-12858661,Nonsense,c.1288G>T,G,T,urinary_tract/carcinoma/transitional_cell_carcinoma
TPTE,ENST00000361285.4,https://cancer.sanger.ac.uk/cosmic/mutation/overview?id=36021304,COSM1579239,COSV53363479,21:10942756-10942756,,Nonsense,c.685C>T,G,A,haematopoietic_and_lymphoid_tissue/lymphoid_neoplasm/plasma_cell_myeloma;upper_aerodigestive_tract/carcinoma/squamous_cell_carcinoma
EP300,ENST00000263253.7,https://cancer.sanger.ac.uk/cosmic/mutation/overview?id=20159169,COSM9102310,COSV99607200,22:41553244-41553244,22:41157240-41157240,Nonsense,c.3333T>A,T,A,large_intestine/adenoma/NS
SLC25A5,ENST00000317881.8,https://cancer.sanger.ac.uk/cosmic/mutation/overview?id=27840025,COSM330562,COSV58624448,X:118605001-118605001,X:119471038-119471038,Nonsense,c.877G>T,G,T,upper_aerodigestive_tract/carcinoma/squamous_cell_carcinoma
CLSPN,ENST00000318121.3,https://cancer.sanger.ac.uk/cosmic/mutation/overview?id=28177489,COSM9120130,COSV99230260,1:36202201-36202201,1:35736600-35736600,Nonsense,c.3916A>T,T,A,breast/carcinoma/ductal_carcinoma
KCNG1,ENST00000371571.4,https://cancer.sanger.ac.uk/cosmic/mutation/overview?id=38594795,COSM7411278,COSV100856996,20:49620871-49620871,20:51004334-51004334,Nonsense,c.1247G>A,C,T,lung/carcinoma/adenocarcinoma
OR4C16,ENST00000314634.3,https://cancer.sanger.ac.uk/cosmic/mutation/overview?id=29095266,COSM3752453,COSV58941831,11:55339652-55339652,11:55572176-55572176,Nonsense,c.49C>T,C,T,soft_tissue/gastrointestinal_stromal_tumour/NS
TAS2R46,ENST00000533467.1,https://cancer.sanger.ac.uk/cosmic/mutation/overview?id=81386779,COSM7393062,COSV99061941,12:11214145-11214145,12:11061546-11061546,Nonsense,c.749G>A,C,T,soft_tissue/gastrointestinal_stromal_tumour/NS
ZNF117,ENST00000282869.6,https://cancer.sanger.ac.uk/cosmic/mutation/overview?id=24064256,COSM10541537,COSV107296982,7:64438667-64438667,7:64978289-64978289,Nonsense,c.1282C>T,G,A,soft_tissue/gastrointestinal_stromal_tumour/NS
OR56A3,ENST00000329564.6,https://cancer.sanger.ac.uk/cosmic/mutation/overview?id=26455318,COSM10010649,COSV105882400,11:5969076-5969076,11:5947846-5947846,Nonsense,c.500C>G,C,G,biliary_tract/carcinoma/adenocarcinoma
RPEL1,ENST00000441178.2,https://cancer.sanger.ac.uk/cosmic/mutation/overview?id=57328769,COSM7410950,COSV101483094,10:105006198-105006198,10:103246441-103246441,Nonsense,c.445G>T,G,T,lung/carcinoma/adenocarcinoma
VMA21,ENST00000330374.6,https://cancer.sanger.ac.uk/cosmic/mutation/overview?id=27224601,COSM267746,COSV57755971,X:150573501-150573501,X:151405029-151405029,Nonsense,c.277C>T,C,T,haematopoietic_and_lymphoid_tissue/lymphoid_neoplasm/NS
TRIM5,ENST00000380034.3,https://cancer.sanger.ac.uk/cosmic/mutation/overview?id=42334490,COSM928515,COSV59898609,11:5687250-5687250,11:5666020-5666020,Nonsense,c.829C>T,G,A,lung/carcinoma/adenocarcinoma
OR2L8,ENST00000357191.3,https://cancer.sanger.ac.uk/cosmic/mutation/overview?id=34982326,COSM10540880,COSV107454585,1:248113026-248113026,1:247949724-247949724,Nonsense,c.867T>A,T,A,soft_tissue/gastrointestinal_stromal_tumour/NS
PAPPA2,ENST00000367662.3,https://cancer.sanger.ac.uk/cosmic/mutation/overview?id=39305000,COSM1719855,COSV62772170,1:176525627-176525627,1:176556491-176556491,Nonsense,c.169C>T,C,T,skin/carcinoma/basal_cell_carcinoma
ID3,ENST00000374561.5,https://cancer.sanger.ac.uk/cosmic/mutation/overview?id=40325619,COSM2049212,COSV65801289,1:23885761-23885761,1:23559270-23559270,Nonsense,c.157G>T,C,A,haematopoietic_and_lymphoid_tissue/lymphoid_neoplasm/Burkitt_lymphoma
ID3,ENST00000374561.5,https://cancer.sanger.ac.uk/cosmic/mutation/overview?id=40325853,COSM1160908,COSV65800778,1:23885677-23885677,1:23559186-23559186,Nonsense,c.241C>T,G,A,haematopoietic_and_lymphoid_tissue/lymphoid_neoplasm/Burkitt_lymphoma
ID3,ENST00000374561.5,https://cancer.sanger.ac.uk/cosmic/mutation/overview?id=40325987,COSM1159773,COSV65801035,1:23885774-23885774,1:23559283-23559283,Nonsense,c.144C>G,G,C,haematopoietic_and_lymphoid_tissue/lymphoid_neoplasm/Burkitt_lymphoma
CTNNA2,ENST00000466387.1,https://cancer.sanger.ac.uk/cosmic/mutation/overview?id=64087219,COSM1023228,COSV58133839,2:80874923-80874923,2:80647798-80647798,Nonsense,c.2644C>T,C,T,endometrium/carcinoma/endometrioid_carcinoma
TTN,ENST00000589042.1,https://cancer.sanger.ac.uk/cosmic/mutation/overview?id=97672052,COSM5597819,COSV60169898,2:179416930-179416930,2:178552203-178552203,Nonsense,c.90697C>T,G,A,pancreas/other/dysplasia-in_situ_neoplasm
MYO1B,ENST00000392318.3,https://cancer.sanger.ac.uk/cosmic/mutation/overview?id=42846504,COSM7410723,COSV100268597,2:192228980-192228980,2:191364254-191364254,Nonsense,c.1010C>A,C,A,lung/carcinoma/adenocarcinoma
ORC2,ENST00000234296.2,https://cancer.sanger.ac.uk/cosmic/mutation/overview?id=21547782,COSM9124035,COSV99309357,2:201796089-201796089,2:200931366-200931366,Nonsense,c.890T>A,A,T,breast/carcinoma/ductal_carcinoma
SMC4,ENST00000357388.3,https://cancer.sanger.ac.uk/cosmic/mutation/overview?id=31088349,COSM1040620,COSV59086399,3:160151484-160151484,3:160433696-160433696,Nonsense,c.3754C>T,C,T,endometrium/carcinoma/endometrioid_carcinoma
GNAI2,ENST00000313601.6,https://cancer.sanger.ac.uk/cosmic/mutation/overview?id=28023500,COSM9214170,COSV104381998,3:50289902-50289902,3:50252470-50252470,Nonsense,c.235C>T,C,T,haematopoietic_and_lymphoid_tissue/lymphoid_neoplasm/Burkitt_lymphoma
PBRM1,ENST00000394830.3,https://cancer.sanger.ac.uk/cosmic/mutation/overview?id=47864493,COSM480366,COSV56260264,3:52643768-52643768,3:52609752-52609752,Nonsense,c.2128C>T,G,A,NS/malignant_melanoma/NS
PBRM1,ENST00000394830.3,https://cancer.sanger.ac.uk/cosmic/mutation/overview?id=47863494,COSM480334,COSV56276607,3:52621446-52621446,3:52587430-52587430,Nonsense,c.2971G>T,C,A,liver/carcinoma/combined_hepatocellular-cholangiocarcinoma
PBRM1,ENST00000394830.3,https://cancer.sanger.ac.uk/cosmic/mutation/overview?id=47869729,COSM4771425,COSV56284753,3:52643741-52643741,3:52609725-52609725,Nonsense,c.2155C>T,G,A,biliary_tract/carcinoma/adenocarcinoma
FBXW7,ENST00000281708.4,https://cancer.sanger.ac.uk/cosmic/mutation/overview?id=22868190,COSM6915914,COSV55912870,4:153332829-153332829,4:152411677-152411677,Nonsense,c.127C>T,G,A,lung/carcinoma/NS
FBXW7,ENST00000281708.4,https://cancer.sanger.ac.uk/cosmic/mutation/overview?id=22849884,COSM10540236,COSV107269728,4:153332844-153332844,4:152411692-152411692,Nonsense,c.112G>T,C,A,soft_tissue/gastrointestinal_stromal_tumour/NS
FBXW7,ENST00000281708.4,https://cancer.sanger.ac.uk/cosmic/mutation/overview?id=22887486,COSM7339053,COSV55914327,4:153245472-153245472,4:152324320-152324320,Nonsense,c.1719C>A,G,T,endometrium/carcinoma/endometrioid_carcinoma
EDIL3,ENST00000296591.5,https://cancer.sanger.ac.uk/cosmic/mutation/overview?id=27749319,COSM7211715,COSV56881130,5:83402577-83402577,5:84106759-84106759,Nonsense,c.541C>T,G,A,pancreas/carcinoma/NS
APC,ENST00000457016.1,https://cancer.sanger.ac.uk/cosmic/mutation/overview?id=60372386,COSM6191394,COSV57348575,5:112157607-112157607,5:112821910-112821910,Nonsense,c.1327G>T,G,T,small_intestine/carcinoma/adenocarcinoma
APC,ENST00000457016.1,https://cancer.sanger.ac.uk/cosmic/mutation/overview?id=60350537,COSM18817,COSV57321523,5:112175225-112175225,5:112839528-112839528,Nonsense,c.3934G>T,G,T,large_intestine/adenoma/NS
APC,ENST00000457016.1,https://cancer.sanger.ac.uk/cosmic/mutation/overview?id=60348602,COSM13130,COSV57320753,5:112128191-112128191,5:112792494-112792494,Nonsense,c.694C>T,C,T,large_intestine/carcinoma/adenocarcinoma
APC,ENST00000457016.1,https://cancer.sanger.ac.uk/cosmic/mutation/overview?id=60352483,COSM30779,COSV57325137,5:112175672-112175672,5:112839975-112839975,Nonsense,c.4381G>T,G,T,small_intestine/adenoma/tubular
APC,ENST00000457016.1,https://cancer.sanger.ac.uk/cosmic/mutation/overview?id=60349709,COSM18852,COSV57320538,5:112173917-112173917,5:112838220-112838220,Nonsense,c.2626C>T,C,T,large_intestine/adenoma/tubulovillous;large_intestine/carcinoma/adenocarcinoma;small_intestine/carcinoma/adenocarcinoma
APC,ENST00000457016.1,https://cancer.sanger.ac.uk/cosmic/mutation/overview?id=60348849,COSM18836,COSV57322632,5:112175576-112175576,5:112839879-112839879,Nonsense,c.4285C>T,C,T,large_intestine/adenoma/NS;large_intestine/adenoma/tubular
APC,ENST00000457016.1,https://cancer.sanger.ac.uk/cosmic/mutation/overview?id=60350963,COSM19040,COSV57321615,5:112164586-112164586,5:112828889-112828889,Nonsense,c.1660C>T,C,T,large_intestine/adenoma/tubular
APC,ENST00000457016.1,https://cancer.sanger.ac.uk/cosmic/mutation/overview?id=60350580,COSM13134,COSV57321978,5:112116592-112116592,5:112780895-112780895,Nonsense,c.637C>T,C,T,large_intestine/carcinoma/adenocarcinoma
APC,ENST00000457016.1,https://cancer.sanger.ac.uk/cosmic/mutation/overview?id=60348887,COSM13121,COSV57323776,5:112175390-112175390,5:112839693-112839693,Nonsense,c.4099C>T,C,T,large_intestine/carcinoma/adenocarcinoma
APC,ENST00000457016.1,https://cancer.sanger.ac.uk/cosmic/mutation/overview?id=60349795,COSM19592,COSV57322030,5:112175521-112175521,5:112839824-112839824,Nonsense,c.4230C>A,C,A,large_intestine/adenoma/tubulovillous
APC,ENST00000457016.1,https://cancer.sanger.ac.uk/cosmic/mutation/overview?id=60358272,COSM13879,COSV57322083,5:112175930-112175930,5:112840233-112840233,Nonsense,c.4639G>T,G,T,small_intestine/adenoma/tubular
APC,ENST00000457016.1,https://cancer.sanger.ac.uk/cosmic/mutation/overview?id=60363044,COSM9101233,COSV99966747,5:112173531-112173531,5:112837834-112837834,Nonsense,c.2240C>G,C,G,large_intestine/adenoma/tubulovillous
APC,ENST00000457016.1,https://cancer.sanger.ac.uk/cosmic/mutation/overview?id=60383139,COSM6503096,COSV57321735,5:112170770-112170770,5:112835073-112835073,Nonsense,c.1866C>A,C,A,stomach/carcinoma/diffuse_adenocarcinoma
APC,ENST00000457016.1,https://cancer.sanger.ac.uk/cosmic/mutation/overview?id=60352488,COSM98420,COSV57320867,5:112128143-112128143,5:112792446-112792446,Nonsense,c.646C>T,C,T,large_intestine/carcinoma/adenocarcinoma
APC,ENST00000457016.1,https://cancer.sanger.ac.uk/cosmic/mutation/overview?id=60348515,COSM13125,COSV57321465,5:112174631-112174631,5:112838934-112838934,Nonsense,c.3340C>T,C,T,large_intestine/adenoma/NS;large_intestine/carcinoma/adenocarcinoma;large_intestine/carcinoma/neuroendocrine_carcinoma
APC,ENST00000457016.1,https://cancer.sanger.ac.uk/cosmic/mutation/overview?id=60349056,COSM13127,COSV57321313,5:112175639-112175639,5:112839942-112839942,Nonsense,c.4348C>T,C,T,large_intestine/adenoma/NS;large_intestine/adenoma/tubular;large_intestine/adenoma/tubulovillous;large_intestine/carcinoma/adenocarcinoma;large_intestine/serrated_polyp/hyperplastic_polyp;large_intestine/serrated_polyp/serrated_adenoma;small_intestine/carcinoma/adenocarcinoma;stomach/adenoma/NS
APC,ENST00000457016.1,https://cancer.sanger.ac.uk/cosmic/mutation/overview?id=60350371,COSM18702,COSV57325414,5:112175255-112175255,5:112839558-112839558,Nonsense,c.3964G>T,G,T,large_intestine/adenoma/tubular
EFHC1,ENST00000371068.5,https://cancer.sanger.ac.uk/cosmic/mutation/overview?id=35995437,COSM9859400,COSV105290053,6:52344539-52344539,6:52479741-52479741,Nonsense,c.1594C>T,C,T,urinary_tract/carcinoma/transitional_cell_carcinoma
MUC3A,ENST00000319509.7,https://cancer.sanger.ac.uk/cosmic/mutation/overview?id=29725137,COSM4161526,COSV60212030,7:100552738-100552738,7:100960609-100960609,Nonsense,c.1489C>T,C,T,soft_tissue/gastrointestinal_stromal_tumour/NS
PABPC1,ENST00000318607.5,https://cancer.sanger.ac.uk/cosmic/mutation/overview?id=28716694,COSM3734030,COSV59397627,8:101721899-101721899,8:100709671-100709671,Nonsense,c.1033G>T,C,A,upper_aerodigestive_tract/carcinoma/squamous_cell_carcinoma
CDKN2A,ENST00000498124.1,https://cancer.sanger.ac.uk/cosmic/mutation/overview?id=71122382,COSM12473,COSV58682666,9:21971186-21971186,9:21971187-21971187,Nonsense,c.172C>T,G,A,NS/carcinoma/of_unknown_primary;large_intestine/carcinoma/squamous_cell_carcinoma;oesophagus/other/Barrett_oesophagus;ovary/carcinoma/mucinous_carcinoma;penis/carcinoma/squamous_cell_carcinoma;skin/carcinoma/squamous_cell_carcinoma;skin/malignant_melanoma/nodular;skin/malignant_melanoma/superficial_spreading;vulva/carcinoma/squamous_cell_carcinoma
CDKN2A,ENST00000498124.1,https://cancer.sanger.ac.uk/cosmic/mutation/overview?id=71122576,COSM12547,COSV58682827,9:21971028-21971028,9:21971029-21971029,Nonsense,c.330G>A,C,T,skin/carcinoma/squamous_cell_carcinoma;upper_aerodigestive_tract/carcinoma/NS
CDKN2A,ENST00000498124.1,https://cancer.sanger.ac.uk/cosmic/mutation/overview?id=71122386,COSM12475,COSV58682746,9:21971120-21971120,9:21971121-21971121,Nonsense,c.238C>T,G,A,haematopoietic_and_lymphoid_tissue/lymphoid_neoplasm/adult_T_cell_lymphoma-leukaemia;oesophagus/other/Barrett_oesophagus;ovary/carcinoma/mucinous_carcinoma;penis/carcinoma/squamous_cell_carcinoma;skin/carcinoma/squamous_cell_carcinoma;skin/malignant_melanoma/nodular;skin/malignant_melanoma/superficial_spreading;thyroid/carcinoma/anaplastic_carcinoma;upper_aerodigestive_tract/carcinoma/NS;upper_aerodigestive_tract/carcinoma/squamous_cell_carcinoma;vulva/carcinoma/squamous_cell_carcinoma
COL17A1,ENST00000353479.5,https://cancer.sanger.ac.uk/cosmic/mutation/overview?id=32730515,COSM914489,COSV62225489,10:105831820-105831820,10:104072062-104072062,Nonsense,c.433C>T,G,A,endometrium/carcinoma/endometrioid_carcinoma
WAC,ENST00000354911.4,https://cancer.sanger.ac.uk/cosmic/mutation/overview?id=31461996,COSM5703560,COSV61567179,10:28878734-28878734,10:28589805-28589805,Nonsense,c.451C>T,C,T,pancreas/other/dysplasia-in_situ_neoplasm
TRIM51,ENST00000449290.2,https://cancer.sanger.ac.uk/cosmic/mutation/overview?id=59139030,COSM9268544,COSV104392237,11:55658767-55658767,11:55891291-55891291,Nonsense,c.1018A>T,A,T,meninges/meningioma/rhabdoid
OR51Q1,ENST00000300778.4,https://cancer.sanger.ac.uk/cosmic/mutation/overview?id=27481112,COSM3752441,COSV56178717,11:5444136-5444136,11:5422906-5422906,Nonsense,c.706C>T,C,T,soft_tissue/gastrointestinal_stromal_tumour/NS
OR4X1,ENST00000320048.1,https://cancer.sanger.ac.uk/cosmic/mutation/overview?id=25648301,COSM5618640,COSV60723080,11:48286231-48286231,11:48264679-48264679,Nonsense,c.819T>A,T,A,soft_tissue/gastrointestinal_stromal_tumour/NS
SENP1,ENST00000004980.5,https://cancer.sanger.ac.uk/cosmic/mutation/overview?id=20116920,COSM7455933,COSV99136839,12:48440186-48440186,12:48046403-48046403,Nonsense,c.1825A>T,T,A,biliary_tract/carcinoma/adenocarcinoma
RARG,ENST00000425354.2,https://cancer.sanger.ac.uk/cosmic/mutation/overview?id=52556984,COSM7410973,COSV100553275,12:53609527-53609527,12:53215743-53215743,Nonsense,c.236C>A,G,T,lung/carcinoma/adenocarcinoma
OR6C74,ENST00000343870.4,https://cancer.sanger.ac.uk/cosmic/mutation/overview?id=30660040,COSM1362861,COSV59605658,12:55641255-55641255,12:55247471-55247471,Nonsense,c.184C>T,C,T,soft_tissue/gastrointestinal_stromal_tumour/NS
CEP152,ENST00000380950.2,https://cancer.sanger.ac.uk/cosmic/mutation/overview?id=40916229,COSM7456004,COSV100358631,15:49031117-49031117,15:48738920-48738920,Nonsense,c.4462G>T,C,A,biliary_tract/carcinoma/adenocarcinoma
USP43,ENST00000285199.7,https://cancer.sanger.ac.uk/cosmic/mutation/overview?id=22022490,COSM5748941,COSV53299589,17:9631882-9631882,17:9728565-9728565,Nonsense,c.2947C>T,C,T,pancreas/carcinoma/NS
CLUH,ENST00000570628.2,https://cancer.sanger.ac.uk/cosmic/mutation/overview?id=93328588,COSM9861514,COSV105353511,17:2601740-2601740,17:2698446-2698446,Nonsense,c.1297C>T,G,A,pancreas/other/dysplasia-in_situ_neoplasm
ZNF814,ENST00000435989.2,https://cancer.sanger.ac.uk/cosmic/mutation/overview?id=54866600,COSM1612973,COSV71381774,19:58385869-58385869,19:57874501-57874501,Nonsense,c.889G>T,C,A,thyroid/other/neoplasm
MAGEC1,ENST00000285879.4,https://cancer.sanger.ac.uk/cosmic/mutation/overview?id=22278992,COSM4699927,COSV53569144,X:140994583-140994583,X:141906797-141906797,Nonsense,c.1393A>T,A,T,NS/malignant_melanoma/NS
UTY,ENST00000331397.4,https://cancer.sanger.ac.uk/cosmic/mutation/overview?id=28416026,COSM9127336,COSV100507412,Y:15417307-15417307,Y:13305427-13305427,Nonsense,c.3246T>A,A,T,breast/carcinoma/ductal_carcinoma
HNRNPU,ENST00000283179.9,https://cancer.sanger.ac.uk/cosmic/mutation/overview?id=24271997,COSM9213901,COSV104392562,1:245027129-245027129,1:244863827-244863827,Nonsense,c.481C>T,G,A,haematopoietic_and_lymphoid_tissue/lymphoid_neoplasm/Burkitt_lymphoma
HNRNPU,ENST00000283179.9,https://cancer.sanger.ac.uk/cosmic/mutation/overview?id=24271570,COSM4170611,COSV51691397,1:245027102-245027102,1:244863800-244863800,Nonsense,c.508C>T,G,A,haematopoietic_and_lymphoid_tissue/lymphoid_neoplasm/Burkitt_lymphoma
PRAMEF2,ENST00000240189.2,https://cancer.sanger.ac.uk/cosmic/mutation/overview?id=22867812,COSM4142347,COSV53572202,1:12919574-12919574,1:12859719-12859719,Nonsense,c.314T>A,T,A,thyroid/other/neoplasm
SLC22A24,ENST00000417740.1,https://cancer.sanger.ac.uk/cosmic/mutation/overview?id=51197170,COSM7256198,COSV70300498,11:62848487-62848487,11:63081015-63081015,Nonsense,c.1503T>G,A,C,soft_tissue/gastrointestinal_stromal_tumour/NS
ZNF80,ENST00000482457.2,https://cancer.sanger.ac.uk/cosmic/mutation/overview?id=67064011,COSM6351555,COSV57359764,3:113955187-113955187,3:114236340-114236340,Nonsense,c.735T>G,A,C,lung/carcinoma/NS
KRTAP10-6,ENST00000400368.1,https://cancer.sanger.ac.uk/cosmic/mutation/overview?id=44619795,COSM4002053,COSV59950915,21:46011583-46011583,21:44591702-44591702,Nonsense,c.783C>A,G,T,soft_tissue/gastrointestinal_stromal_tumour/NS
SLC35G6,ENST00000412468.2,https://cancer.sanger.ac.uk/cosmic/mutation/overview?id=49489467,COSM4130645,COSV59488982,17:7386280-7386280,17:7482961-7482961,Nonsense,c.977G>A,G,A,soft_tissue/gastrointestinal_stromal_tumour/NS;upper_aerodigestive_tract/carcinoma/squamous_cell_carcinoma
PDE4DIP,ENST00000369356.4,https://cancer.sanger.ac.uk/cosmic/mutation/overview?id=36749978,COSM4590880,COSV57672649,1:144915561-144915561,1:148968914-148968914,Nonsense,c.1864C>T,G,A,soft_tissue/gastrointestinal_stromal_tumour/NS;upper_aerodigestive_tract/carcinoma/squamous_cell_carcinoma
PDE4DIP,ENST00000369356.4,https://cancer.sanger.ac.uk/cosmic/mutation/overview?id=36749907,COSM4591523,COSV57672305,1:144852390-144852390,1:149032053-149032053,Nonsense,c.7053G>A,C,T,soft_tissue/gastrointestinal_stromal_tumour/NS;upper_aerodigestive_tract/carcinoma/squamous_cell_carcinoma
XIRP2,ENST00000409195.1,https://cancer.sanger.ac.uk/cosmic/mutation/overview?id=48442568,COSM9857098,COSV105144734,2:168106860-168106860,2:167250350-167250350,Nonsense,c.8958G>A,G,A,urinary_tract/carcinoma/transitional_cell_carcinoma
ABCB11,ENST00000263817.6,https://cancer.sanger.ac.uk/cosmic/mutation/overview?id=21298833,COSM7410816,COSV99791394,2:169833175-169833175,2:168976665-168976665,Nonsense,c.1220C>A,G,T,lung/carcinoma/adenocarcinoma
THADA,ENST00000405006.4,https://cancer.sanger.ac.uk/cosmic/mutation/overview?id=45550628,COSM7457009,COSV100367670,2:43783667-43783667,2:43556528-43556528,Nonsense,c.2491C>T,G,A,biliary_tract/carcinoma/adenocarcinoma
EPHA3,ENST00000336596.2,https://cancer.sanger.ac.uk/cosmic/mutation/overview?id=29958017,COSM1048851,COSV60693907,3:89259262-89259262,3:89210112-89210112,Nonsense,c.406C>T,C,T,skin/carcinoma/basal_cell_carcinoma;skin/malignant_melanoma/desmoplastic
SRGAP3,ENST00000383836.3,https://cancer.sanger.ac.uk/cosmic/mutation/overview?id=43507010,COSM328515,COSV64530050,3:9066948-9066948,3:9025264-9025264,Nonsense,c.1675A>T,T,A,kidney/carcinoma/clear_cell_renal_cell_carcinoma
COL6A5,ENST00000265379.6,https://cancer.sanger.ac.uk/cosmic/mutation/overview?id=20080388,COSM10540227,COSV107198767,3:130142709-130142709,3:130423865-130423865,Nonsense,c.5128G>T,G,T,soft_tissue/gastrointestinal_stromal_tumour/NS
CORIN,ENST00000273857.4,https://cancer.sanger.ac.uk/cosmic/mutation/overview?id=22796572,COSM9859394,COSV105086580,4:47655637-47655637,4:47653620-47653620,Nonsense,c.1776T>A,A,T,urinary_tract/carcinoma/transitional_cell_carcinoma
PIK3R1,ENST00000521381.1,https://cancer.sanger.ac.uk/cosmic/mutation/overview?id=78905625,COSM85926,COSV57123475,5:67588951-67588951,5:68293123-68293123,Nonsense,c.1042C>T,C,T,endometrium/carcinoma/endometrioid_carcinoma;endometrium/carcinoma/serous_carcinoma
MSH3,ENST00000265081.6,https://cancer.sanger.ac.uk/cosmic/mutation/overview?id=24429277,COSM3139257,COSV54143764,5:80149977-80149977,5:80854158-80854158,Nonsense,c.2842G>T,G,T,large_intestine/carcinoma/adenocarcinoma
ZNF608,ENST00000306315.5,https://cancer.sanger.ac.uk/cosmic/mutation/overview?id=28474489,COSM5749002,COSV60440332,5:124080280-124080280,5:124744587-124744587,Nonsense,c.403A>T,T,A,pancreas/carcinoma/NS
BMT2,ENST00000297145.4,https://cancer.sanger.ac.uk/cosmic/mutation/overview?id=28349225,COSM1084140,COSV51775023,7:112461939-112461939,7:112821884-112821884,Nonsense,c.1078C>T,G,A,endometrium/carcinoma/endometrioid_carcinoma
LRRC72,ENST00000401542.2,https://cancer.sanger.ac.uk/cosmic/mutation/overview?id=46416716,COSN30045218,COSV101293901,7:16606021-16606021,7:16566396-16566396,Nonsense,c.511C>T,C,T,lung/carcinoma/adenocarcinoma
NOTCH1,ENST00000277541.6,https://cancer.sanger.ac.uk/cosmic/mutation/overview?id=25112532,COSM13061,COSV53024887,9:139390873-139390873,9:136496421-136496421,Nonsense,c.7318C>T,G,A,haematopoietic_and_lymphoid_tissue/lymphoid_neoplasm/adult_T_cell_lymphoma-leukaemia
NOTCH1,ENST00000277541.6,https://cancer.sanger.ac.uk/cosmic/mutation/overview?id=25121063,COSM13081,COSV53030769,9:139390791-139390791,9:136496339-136496339,Nonsense,c.7400C>A,G,T,haematopoietic_and_lymphoid_tissue/lymphoid_neoplasm/adult_T_cell_lymphoma-leukaemia
PTEN,ENST00000371953.3,https://cancer.sanger.ac.uk/cosmic/mutation/overview?id=35416589,COSM5152,COSV64288463,10:89692904-89692904,10:87933147-87933147,Nonsense,c.388C>T,C,T,central_nervous_system/glioma/astrocytoma_Grade_III;endometrium/carcinoma/NS;endometrium/carcinoma/endometrioid_carcinoma
PTEN,ENST00000371953.3,https://cancer.sanger.ac.uk/cosmic/mutation/overview?id=35416003,COSM5154,COSV64288653,10:89717672-89717672,10:87957915-87957915,Nonsense,c.697C>T,C,T,endometrium/carcinoma/endometrioid_carcinoma;endometrium/hyperplasia/complex-atypical;ovary/carcinoma/endometrioid_carcinoma
OR4C3,ENST00000319856.4,https://cancer.sanger.ac.uk/cosmic/mutation/overview?id=25478025,COSM4591427,COSV60583237,11:48347014-48347014,11:48325462-48325462,Nonsense,c.522G>A,G,A,soft_tissue/gastrointestinal_stromal_tumour/NS;upper_aerodigestive_tract/carcinoma/squamous_cell_carcinoma
B4GALNT3,ENST00000266383.5,https://cancer.sanger.ac.uk/cosmic/mutation/overview?id=21571312,COSM7411212,COSV99842307,12:662389-662389,12:553223-553223,Nonsense,c.1300C>T,C,T,lung/carcinoma/adenocarcinoma
FLT3,ENST00000241453.7,https://cancer.sanger.ac.uk/cosmic/mutation/overview?id=23337341,COSM4892874,COSV54046010,13:28578206-28578206,13:28004069-28004069,Nonsense,c.2965C>T,G,A,biliary_tract/carcinoma/adenocarcinoma
NF1,ENST00000358273.4,https://cancer.sanger.ac.uk/cosmic/mutation/overview?id=34408178,COSM24487,COSV62193225,17:29677227-29677227,17:31350209-31350209,Nonsense,c.7348C>T,C,T,endometrium/carcinoma/endometrioid_carcinoma
NF1,ENST00000358273.4,https://cancer.sanger.ac.uk/cosmic/mutation/overview?id=34403071,COSM24466,COSV62191852,17:29588751-29588751,17:31261733-31261733,Nonsense,c.4600C>T,C,T,haematopoietic_and_lymphoid_tissue/lymphoid_neoplasm/acute_lymphoblastic_leukaemia
NF1,ENST00000358273.4,https://cancer.sanger.ac.uk/cosmic/mutation/overview?id=34403084,COSM133142,COSV62197118,17:29533315-29533315,17:31206297-31206297,Nonsense,c.1318C>T,C,T,NS/malignant_melanoma/NS
ANOS1,ENST00000262648.3,https://cancer.sanger.ac.uk/cosmic/mutation/overview?id=23764711,COSM1126137,COSV52915923,X:8502453-8502453,X:8534412-8534412,Nonsense,c.1891C>T,G,A,pancreas/carcinoma/NS
ARSD,ENST00000381154.1,https://cancer.sanger.ac.uk/cosmic/mutation/overview?id=41707524,COSM1467373,COSV54198347,X:2833605-2833605,X:2915564-2915564,Nonsense,c.992G>A,C,T,soft_tissue/gastrointestinal_stromal_tumour/NS
ATRX,ENST00000373344.5,https://cancer.sanger.ac.uk/cosmic/mutation/overview?id=38801192,COSM6854536,COSV64872864,X:76939627-76939627,X:77684135-77684135,Nonsense,c.1121T>A,A,T,large_intestine/other/ulcerative_colitis
AC145676.2,ENST00000514988.1,https://cancer.sanger.ac.uk/cosmic/mutation/overview?id=77923649,COSN32075340,COSV105189108,7:228573-228573,,Nonsense,c.288G>A,C,T,urinary_tract/carcinoma/transitional_cell_carcinoma
ELOVL2,ENST00000354666.3,https://cancer.sanger.ac.uk/cosmic/mutation/overview?id=30883908,COSM3155494,COSV61157691,6:10989942-10989942,6:10989709-10989709,Nonsense,c.759C>A,G,T,pancreas/other/dysplasia-in_situ_neoplasm
ZACN,ENST00000334586.5,https://cancer.sanger.ac.uk/cosmic/mutation/overview?id=29658717,COSM5618616,COSV58036390,17:74077797-74077797,17:76081716-76081716,Nonsense,c.841C>T,C,T,lung/carcinoma/NS;soft_tissue/gastrointestinal_stromal_tumour/NS
CDRT15L2,ENST00000399044.1,https://cancer.sanger.ac.uk/cosmic/mutation/overview?id=47762749,COSM7410754,COSV101207257,17:20483135-20483135,17:20579822-20579822,Nonsense,c.79C>T,C,T,lung/carcinoma/adenocarcinoma
NKX2-8,ENST00000258829.5,https://cancer.sanger.ac.uk/cosmic/mutation/overview?id=22471828,COSM7411223,COSV99352187,14:37050649-37050649,14:36581444-36581444,Nonsense,c.178G>T,C,A,lung/carcinoma/adenocarcinoma
C20orf96,ENST00000360321.2,https://cancer.sanger.ac.uk/cosmic/mutation/overview?id=37173887,COSM9860672,COSV105281145,20:256679-256679,20:276038-276038,Nonsense,c.961G>T,C,A,pancreas/other/dysplasia-in_situ_neoplasm
CCND3,ENST00000372991.4,https://cancer.sanger.ac.uk/cosmic/mutation/overview?id=39159020,COSM220538,COSV57828583,6:41903731-41903731,6:41935993-41935993,Nonsense,c.826C>T,G,A,haematopoietic_and_lymphoid_tissue/lymphoid_neoplasm/diffuse_large_B_cell_lymphoma
CT45A1,ENST00000497301.2,https://cancer.sanger.ac.uk/cosmic/mutation/overview?id=71980096,COSM10105844,COSV106111006,X:134856748-134856748,X:135794945-135794945,Nonsense,c.523C>T,C,T,haematopoietic_and_lymphoid_tissue/lymphoid_neoplasm/T_cell_prolymphocytic_leukaemia
,,,,,,,,,,,nan
