ENSURE_ID	Index	aa_and_anticodon_of_sup-tRNA	xlsx_id	reason
ensure-90	90	Arg(UCA)	ArgTGAchr5.trna4	GtRNAdb exact candidate hits=0
ensure-91	91	Gln(CUA)	GlnTAGnmt-tRNA-Gln chr10.trna6	GtRNAdb exact candidate hits=0
ensure-92	92	Gln(CUA)	GlnTAGnmt-tRNA-Gln chrX.trna1	GtRNAdb exact candidate hits=0
ensure-93	93	Gln(CUA)	GlnTAGnmt-tRNA-Gln chr7.trna32	GtRNAdb exact candidate hits=0
ensure-94	94	Gln(CUA)	GlnTAGnmt-tRNA-Gln chr7.trna7	GtRNAdb exact candidate hits=0
ensure-95	95	Gln(CUA)	GlnTAGnmt-tRNA-Gln chr2.trna24	GtRNAdb exact candidate hits=0
ensure-96	96	Gln(CUA)	GlnTAGnmt-tRNA-Gln chr3.trna7	GtRNAdb exact candidate hits=0
ensure-97	97	Gln(CUA)	GlnTAGnmt-tRNA-Gln chr16.trna15	GtRNAdb exact candidate hits=0
ensure-98	98	Gln(CUA)	GlnTAGnmt-tRNA-Gln chr12.trna15	GtRNAdb exact candidate hits=0
ensure-99	99	Gln(CUA)	GlnTAGnmt-tRNA-Gln chr2.trna21	GtRNAdb exact candidate hits=0
ensure-100	100	Gln(CUA)	GlnTAGnmt-tRNA-Glnchr2.trna9	GtRNAdb exact candidate hits=0
ensure-114	114	Gln(CUA)	GlnTAGchr19.trna4	GtRNAdb exact candidate hits=0
ensure-122	122	Gln(UUA)	GlnTAAnmt-tRNA-Gln chr10.trna6	GtRNAdb exact candidate hits=0
ensure-123	123	Gln(UUA)	GlnTAAnmt-tRNA-Gln chrX.trna1	GtRNAdb exact candidate hits=0
ensure-124	124	Gln(UUA)	GlnTAAnmt-tRNA-Glnc hr7.trna32	GtRNAdb exact candidate hits=0
ensure-125	125	Gln(UUA)	GlnTAAnmt-tRNA-Gln chr7.trna7	GtRNAdb exact candidate hits=0
ensure-126	126	Gln(UUA)	GlnTAAnmt-tRNA-Gln chr2.trna24	GtRNAdb exact candidate hits=0
ensure-127	127	Gln(UUA)	GlnTAAnmt-tRNA-Gln chr3.trna7	GtRNAdb exact candidate hits=0
ensure-128	128	Gln(UUA)	GlnTAAnmt-tRNA-Gln chr16.trna15	GtRNAdb exact candidate hits=0
ensure-129	129	Gln(UUA)	GlnTAAnmt-tRNA-Gln chr12.trna15	GtRNAdb exact candidate hits=0
ensure-130	130	Gln(UUA)	GlnTAAnmt-tRNA-Gln chr2.trna21	GtRNAdb exact candidate hits=0
ensure-131	131	Gln(UUA)	GlnTAAnmt-tRNA-Glnchr2.trna9	GtRNAdb exact candidate hits=0
ensure-145	145	Gln(UUA)	GlnTAAchr19.trna4	GtRNAdb exact candidate hits=0
ensure-167	167	Glu(UUA)	GluTAAchr2.trna16	GtRNAdb exact candidate hits=0
ensure-182	182	Glu(CUA)	GluTAGchr2.trna16	GtRNAdb exact candidate hits=0
ensure-185	185	Tyr(UUA)	TyrTAAchr1.trna11	GtRNAdb exact candidate hits=0
ensure-186	186	Tyr(UUA)	TyrTAAchr1.trna52	GtRNAdb exact candidate hits=0
ensure-187	187	Tyr(UUA)	TyrTAAchr11.trna9;TyrTAAchr7.trna6	ACE row match count=2 or missing group
ensure-188	188	Tyr(UUA)	TyrTAAchr9.trna2	GtRNAdb exact candidate hits=0
ensure-192	192	Tyr(UUA)	TyrTAAchr7.trna28	GtRNAdb exact candidate hits=0
ensure-193	193	Tyr(UUA)	TyrTAAchr15.trna6	GtRNAdb exact candidate hits=0
ensure-218	218	Tyr(UUA)	TyrTAAchr1.trna127	GtRNAdb exact candidate hits=0
ensure-219	219	Tyr(UUA)	TyrTAAchr10.trna3	GtRNAdb exact candidate hits=0
ensure-220	220	Tyr(UUA)	TyrTAAchr14.trna8	GtRNAdb exact candidate hits=0
ensure-221	221	Tyr(UUA)	TyrTAAchr2.trna12	GtRNAdb exact candidate hits=0
ensure-222	222	Tyr(UUA)	TyrTAAchr7.trna1	GtRNAdb exact candidate hits=0
ensure-223	223	Tyr(UUA)	TyrTAAchr7.trna2	GtRNAdb exact candidate hits=0
ensure-224	224	Tyr(UUA)	TyrTAAchr11.trna9;TyrTAAchr7.trna6	ACE row match count=2 or missing group
ensure-225	225	Tyr(UUA)	TyrTAAchr8.trna7	GtRNAdb exact candidate hits=0
ensure-226	226	Tyr(UUA)	TyrTAAchr9.trna10	GtRNAdb exact candidate hits=0
ensure-227	227	Tyr(UUA)	TyrTAAchr9.trna4	GtRNAdb exact candidate hits=0
ensure-230	230	Tyr(CUA)	TyrTAGchr1.trna11	GtRNAdb exact candidate hits=0
ensure-231	231	Tyr(CUA)	TyrTAGchr1.trna52	GtRNAdb exact candidate hits=0
ensure-232	232	Tyr(CUA)	TyrTAGchr11.trna9;TyrTAGchr7.trna6	ACE row match count=2 or missing group
ensure-233	233	Tyr(CUA)	TyrTAGchr9.trna2	GtRNAdb exact candidate hits=0
ensure-237	237	Tyr(CUA)	TyrTAGchr7.trna28	GtRNAdb exact candidate hits=0
ensure-238	238	Tyr(CUA)	TyrTAGchr15.trna6	GtRNAdb exact candidate hits=0
ensure-263	263	Tyr(CUA)	TyrTAGchr1.trna127	GtRNAdb exact candidate hits=0
ensure-264	264	Tyr(CUA)	TyrTAGchr10.trna3	GtRNAdb exact candidate hits=0
ensure-265	265	Tyr(CUA)	TyrTAGchr14.trna8	GtRNAdb exact candidate hits=0
ensure-266	266	Tyr(CUA)	TyrTAGchr2.trna12	GtRNAdb exact candidate hits=0
ensure-267	267	Tyr(CUA)	TyrTAGchr7.trna1	GtRNAdb exact candidate hits=0
ensure-268	268	Tyr(CUA)	TyrTAGchr7.trna2	GtRNAdb exact candidate hits=0
ensure-269	269	Tyr(CUA)	TyrTAGchr11.trna9;TyrTAGchr7.trna6	ACE row match count=2 or missing group
ensure-270	270	Tyr(CUA)	TyrTAGchr8.trna7	GtRNAdb exact candidate hits=0
ensure-271	271	Tyr(CUA)	TyrTAGchr9.trna10	GtRNAdb exact candidate hits=0
ensure-272	272	Tyr(CUA)	TyrTAGchr9.trna4	GtRNAdb exact candidate hits=0
ensure-273	273	Leu(UUA)	LeuTAAchr4.trna2	GtRNAdb exact candidate hits=0
ensure-274	274	Leu(UUA)	LeuTAAnmtchrX.trna2	GtRNAdb exact candidate hits=0
ensure-292	292	Leu(UUA)	LeuTAAchr9.trna3	GtRNAdb exact candidate hits=0
ensure-299	299	Leu(UUA)	LeuTAAchr1.trna9	GtRNAdb exact candidate hits=0
ensure-305	305	Leu(CUA)	LeuTAGchr4.trna2	GtRNAdb exact candidate hits=0
ensure-306	306	Leu(CUA)	LeuTAGnmtchrX.trna2	GtRNAdb exact candidate hits=0
ensure-324	324	Leu(CUA)	LeuTAGchr9.trna3	GtRNAdb exact candidate hits=0
ensure-331	331	Leu(CUA)	LeuTAGchr1.trna9	GtRNAdb exact candidate hits=0
ensure-337	337	Leu(UCA)	LeuTGAchr4.trna2	GtRNAdb exact candidate hits=0
ensure-338	338	Leu(UCA)	LeuTGAnmtchrX.trna2	GtRNAdb exact candidate hits=0
ensure-356	356	Leu(UCA)	LeuTGAchr9.trna3	GtRNAdb exact candidate hits=0
ensure-363	363	Leu(UCA)	LeuTGAchr1.trna9	GtRNAdb exact candidate hits=0
ensure-369	369	Ser(UUA)	SerTAAnmtchr2.trna19	GtRNAdb exact candidate hits=0
ensure-370	370	Ser(UUA)	SerTAAnmtchr2.trna7	GtRNAdb exact candidate hits=0
ensure-371	371	Ser(UUA)	SerTAAnmtchr17.trna31	GtRNAdb exact candidate hits=0
ensure-378	378	Ser(UUA)	SerTAAchr11.trna8	GtRNAdb exact candidate hits=0
ensure-385	385	Ser(UUA)	SerTAAchr11.trna6	GtRNAdb exact candidate hits=0
ensure-392	392	Ser(CUA)	SerTAGnmtchr2.trna19	GtRNAdb exact candidate hits=0
ensure-393	393	Ser(CUA)	SerTAGnmtchr2.trna7	GtRNAdb exact candidate hits=0
ensure-394	394	Ser(CUA)	SerTAGnmtchr17.trna31	GtRNAdb exact candidate hits=0
ensure-401	401	Ser(CUA)	SerTAGchr11.trna8	GtRNAdb exact candidate hits=0
ensure-408	408	Ser(CUA)	SerTAGchr11.trna6	GtRNAdb exact candidate hits=0
ensure-415	415	Ser(UCA)	SerTGAnmtchr2.trna19	GtRNAdb exact candidate hits=0
ensure-416	416	Ser(UCA)	SerTGAnmt-chr2.trna7	GtRNAdb exact candidate hits=0
ensure-417	417	Ser(UCA)	SerTGAnmtchr17.trna31	GtRNAdb exact candidate hits=0
ensure-424	424	Ser(UCA)	SerTGAchr11.trna8	GtRNAdb exact candidate hits=0
ensure-431	431	Ser(UCA)	SerTGAchr11.trna6	GtRNAdb exact candidate hits=0
ensure-499	499	Cys(UCA)	CysTGAchr5.trna30	red/lowcase stop anticodon occurrence count=5
