ENSURE_ID	Index	aa_and_anticodon_of_sup-tRNA	current_tRNAscan-SE_ID_of_origin_tRNA	new_tRNAscan-SE_ID_of_origin_tRNA	xlsx_number	xlsx_id	Sequence_of_sup-tRNA	origin_sequence_blank	evidence	confidence
ensure-90	90	Arg(UCA)		chr5.trna4	26	ArgTGAchr5.trna4	GGCAGCAUAGCAGAGUGGUUCAGGUUACAGGUUCAAGAUGUAAACUGAGUUCAAAUCCCAGUUCUGCCA	1	PMID 30778053 Supplementary Data 1 (`41467_2019_8329_MOESM5_ESM.xlsx`, sheet `ACE-tRNA sequences`) lists this exact ACE-tRNA sequence and tRNAscan-SE ID.	high
ensure-91	91	Gln(CUA)		chr10.trna6	1	GlnTAGnmt-tRNA-Gln chr10.trna6	UGGUGUAAUAGGUAGCACAGAGAAUUCUAGAUUCUCAGGGGUAGGUUCAAUUCCUAU	1	PMID 30778053 Supplementary Data 1 (`41467_2019_8329_MOESM5_ESM.xlsx`, sheet `ACE-tRNA sequences`) lists this exact ACE-tRNA sequence and tRNAscan-SE ID.	high
ensure-92	92	Gln(CUA)		chrX.trna1	2	GlnTAGnmt-tRNA-Gln chrX.trna1	UAGGACAUGGUGUGAUAGGUAGCAUGGAGAAUUCUAGAUUCUCAGGGGUAGGUUCAAUUCCUACAGUUCUAG	1	PMID 30778053 Supplementary Data 1 (`41467_2019_8329_MOESM5_ESM.xlsx`, sheet `ACE-tRNA sequences`) lists this exact ACE-tRNA sequence and tRNAscan-SE ID.	high
ensure-93	93	Gln(CUA)		chr7.trna32	3	GlnTAGnmt-tRNA-Gln chr7.trna32	UAGGACGUGGUGUGAUAGGUAGCAUGGGGAAUUCUAGAUUCUCAGGGGUGGGUUCAAUUCCUAUAGUUCUAG	1	PMID 30778053 Supplementary Data 1 (`41467_2019_8329_MOESM5_ESM.xlsx`, sheet `ACE-tRNA sequences`) lists this exact ACE-tRNA sequence and tRNAscan-SE ID.	high
ensure-94	94	Gln(CUA)		chr7.trna7	4	GlnTAGnmt-tRNA-Gln chr7.trna7	UAGGACGUGGUGUAGUAGGUAGCAUGGAGAAUGCUAAAUUCUCAGGGGUAGGUUCAAUUCCUAUAGUUCUAG	1	PMID 30778053 Supplementary Data 1 (`41467_2019_8329_MOESM5_ESM.xlsx`, sheet `ACE-tRNA sequences`) lists this exact ACE-tRNA sequence and tRNAscan-SE ID.	high
ensure-95	95	Gln(CUA)		chr2.trna24	5	GlnTAGnmt-tRNA-Gln chr2.trna24	UAGGACAUGGUGUAAUAGGUAGAAUGGAGAAUUCUAAAUUCUCAGGGGUAGGUUCAAUUCCUAUAGUUCUAG	1	PMID 30778053 Supplementary Data 1 (`41467_2019_8329_MOESM5_ESM.xlsx`, sheet `ACE-tRNA sequences`) lists this exact ACE-tRNA sequence and tRNAscan-SE ID.	high
ensure-96	96	Gln(CUA)		chr3.trna7	6	GlnTAGnmt-tRNA-Gln chr3.trna7	UAGGAUGUGGUGUAUUAGGUAGCACAGAGAAUUCUAGAUUCUCAGGGGUAGGUUCGAUUCCUAUAAUUCUAC	1	PMID 30778053 Supplementary Data 1 (`41467_2019_8329_MOESM5_ESM.xlsx`, sheet `ACE-tRNA sequences`) lists this exact ACE-tRNA sequence and tRNAscan-SE ID.	high
ensure-97	97	Gln(CUA)		chr16.trna15	7	GlnTAGnmt-tRNA-Gln chr16.trna15	UAGGACUUGGUGUAAUGGGUAGCACAGAGAAUUCUAGAUUCUCAGGGGUGGGUUCAAUUCCUUUCGUCCUAG	1	PMID 30778053 Supplementary Data 1 (`41467_2019_8329_MOESM5_ESM.xlsx`, sheet `ACE-tRNA sequences`) lists this exact ACE-tRNA sequence and tRNAscan-SE ID.	high
ensure-98	98	Gln(CUA)		chr12.trna15	8	GlnTAGnmt-tRNA-Gln chr12.trna15	UCUAGGAUGUGGUGUGAUAGGUAGCAUGGAGAAUUCUAGAUUCUCAGGGGUAGGUUCAAUUCCUAUAUUCUAGAA	1	PMID 30778053 Supplementary Data 1 (`41467_2019_8329_MOESM5_ESM.xlsx`, sheet `ACE-tRNA sequences`) lists this exact ACE-tRNA sequence and tRNAscan-SE ID.	high
ensure-99	99	Gln(CUA)		chr2.trna21	9	GlnTAGnmt-tRNA-Gln chr2.trna21	UAGGACGUGGUGUGAUAGGUAGCAUGGAGAAUUCUAGAUUCUCAGGGAUGGGUUCAAUUCCUAUAGUCCUAG	1	PMID 30778053 Supplementary Data 1 (`41467_2019_8329_MOESM5_ESM.xlsx`, sheet `ACE-tRNA sequences`) lists this exact ACE-tRNA sequence and tRNAscan-SE ID.	high
ensure-100	100	Gln(CUA)		chr2.trna9	10	GlnTAGnmt-tRNA-Glnchr2.trna9	UAGGACGUGGUGUGAUAGGUAGCACGGAGAAUUCUAGAUUCUCAGGGAUGGGUUCAAUUCCUGUAGUUCUAG	1	PMID 30778053 Supplementary Data 1 (`41467_2019_8329_MOESM5_ESM.xlsx`, sheet `ACE-tRNA sequences`) lists this exact ACE-tRNA sequence and tRNAscan-SE ID.	high
ensure-114	114	Gln(CUA)		chr19.trna4	24	GlnTAGchr19.trna4	GUUUCCAUGGUGUAAUGGUGAGCACUCUGGACUCUAAAUCCAGAAAUACAUUCAAAGAAUUAAGAACA	1	PMID 30778053 Supplementary Data 1 (`41467_2019_8329_MOESM5_ESM.xlsx`, sheet `ACE-tRNA sequences`) lists this exact ACE-tRNA sequence and tRNAscan-SE ID.	high
ensure-122	122	Gln(UUA)		chr10.trna6	1	GlnTAAnmt-tRNA-Gln chr10.trna6	UGGUGUAAUAGGUAGCACAGAGAAUUUUAGAUUCUCAGGGGUAGGUUCAAUUCCUAU	1	PMID 30778053 Supplementary Data 1 (`41467_2019_8329_MOESM5_ESM.xlsx`, sheet `ACE-tRNA sequences`) lists this exact ACE-tRNA sequence and tRNAscan-SE ID.	high
ensure-123	123	Gln(UUA)		chrX.trna1	2	GlnTAAnmt-tRNA-Gln chrX.trna1	UAGGACAUGGUGUGAUAGGUAGCAUGGAGAAUUUUAGAUUCUCAGGGGUAGGUUCAAUUCCUACAGUUCUAG	1	PMID 30778053 Supplementary Data 1 (`41467_2019_8329_MOESM5_ESM.xlsx`, sheet `ACE-tRNA sequences`) lists this exact ACE-tRNA sequence and tRNAscan-SE ID.	high
ensure-124	124	Gln(UUA)		chr7.trna32	3	GlnTAAnmt-tRNA-Glnc hr7.trna32	UAGGACGUGGUGUGAUAGGUAGCAUGGGGAAUUUUAGAUUCUCAGGGGUGGGUUCAAUUCCUAUAGUUCUAG	1	PMID 30778053 Supplementary Data 1 (`41467_2019_8329_MOESM5_ESM.xlsx`, sheet `ACE-tRNA sequences`) lists this exact ACE-tRNA sequence and tRNAscan-SE ID.	high
ensure-125	125	Gln(UUA)		chr7.trna7	4	GlnTAAnmt-tRNA-Gln chr7.trna7	UAGGACGUGGUGUAGUAGGUAGCAUGGAGAAUGUUAAAUUCUCAGGGGUAGGUUCAAUUCCUAUAGUUCUAG	1	PMID 30778053 Supplementary Data 1 (`41467_2019_8329_MOESM5_ESM.xlsx`, sheet `ACE-tRNA sequences`) lists this exact ACE-tRNA sequence and tRNAscan-SE ID.	high
ensure-126	126	Gln(UUA)		chr2.trna24	5	GlnTAAnmt-tRNA-Gln chr2.trna24	UAGGACAUGGUGUAAUAGGUAGAAUGGAGAAUUUUAAAUUCUCAGGGGUAGGUUCAAUUCCUAUAGUUCUAG	1	PMID 30778053 Supplementary Data 1 (`41467_2019_8329_MOESM5_ESM.xlsx`, sheet `ACE-tRNA sequences`) lists this exact ACE-tRNA sequence and tRNAscan-SE ID.	high
ensure-127	127	Gln(UUA)		chr3.trna7	6	GlnTAAnmt-tRNA-Gln chr3.trna7	UAGGAUGUGGUGUAUUAGGUAGCACAGAGAAUUUUAGAUUCUCAGGGGUAGGUUCGAUUCCUAUAAUUCUAC	1	PMID 30778053 Supplementary Data 1 (`41467_2019_8329_MOESM5_ESM.xlsx`, sheet `ACE-tRNA sequences`) lists this exact ACE-tRNA sequence and tRNAscan-SE ID.	high
ensure-128	128	Gln(UUA)		chr16.trna15	7	GlnTAAnmt-tRNA-Gln chr16.trna15	UAGGACUUGGUGUAAUGGGUAGCACAGAGAAUUUUAGAUUCUCAGGGGUGGGUUCAAUUCCUUUCGUCCUAG	1	PMID 30778053 Supplementary Data 1 (`41467_2019_8329_MOESM5_ESM.xlsx`, sheet `ACE-tRNA sequences`) lists this exact ACE-tRNA sequence and tRNAscan-SE ID.	high
ensure-129	129	Gln(UUA)		chr12.trna15	8	GlnTAAnmt-tRNA-Gln chr12.trna15	UCUAGGAUGUGGUGUGAUAGGUAGCAUGGAGAAUUUUAGAUUCUCAGGGGUAGGUUCAAUUCCUAUAUUCUAGAA	1	PMID 30778053 Supplementary Data 1 (`41467_2019_8329_MOESM5_ESM.xlsx`, sheet `ACE-tRNA sequences`) lists this exact ACE-tRNA sequence and tRNAscan-SE ID.	high
ensure-130	130	Gln(UUA)		chr2.trna21	9	GlnTAAnmt-tRNA-Gln chr2.trna21	UAGGACGUGGUGUGAUAGGUAGCAUGGAGAAUUUUAGAUUCUCAGGGAUGGGUUCAAUUCCUAUAGUCCUAG	1	PMID 30778053 Supplementary Data 1 (`41467_2019_8329_MOESM5_ESM.xlsx`, sheet `ACE-tRNA sequences`) lists this exact ACE-tRNA sequence and tRNAscan-SE ID.	high
ensure-131	131	Gln(UUA)		chr2.trna9	10	GlnTAAnmt-tRNA-Glnchr2.trna9	UAGGACGUGGUGUGAUAGGUAGCACGGAGAAUUUUAGAUUCUCAGGGAUGGGUUCAAUUCCUGUAGUUCUAG	1	PMID 30778053 Supplementary Data 1 (`41467_2019_8329_MOESM5_ESM.xlsx`, sheet `ACE-tRNA sequences`) lists this exact ACE-tRNA sequence and tRNAscan-SE ID.	high
ensure-145	145	Gln(UUA)		chr19.trna4	24	GlnTAAchr19.trna4	GUUUCCAUGGUGUAAUGGUGAGCACUCUGGACUUUAAAUCCAGAAAUACAUUCAAAGAAUUAAGAACA	1	PMID 30778053 Supplementary Data 1 (`41467_2019_8329_MOESM5_ESM.xlsx`, sheet `ACE-tRNA sequences`) lists this exact ACE-tRNA sequence and tRNAscan-SE ID.	high
ensure-167	167	Glu(UUA)		chr2.trna16	15	GluTAAchr2.trna16	GCAAUGGUGGUUCAGUGGUAGAAUUCUCGCCUUUAACACAGGAGACCCGGGUUCAAUUCCUGACCCAUGUA	1	PMID 30778053 Supplementary Data 1 (`41467_2019_8329_MOESM5_ESM.xlsx`, sheet `ACE-tRNA sequences`) lists this exact ACE-tRNA sequence and tRNAscan-SE ID.	high
ensure-182	182	Glu(CUA)		chr2.trna16	15	GluTAGchr2.trna16	GCAAUGGUGGUUCAGUGGUAGAAUUCUCGCCUCUAACACAGGAGACCCGGGUUCAAUUCCUGACCCAUGUA	1	PMID 30778053 Supplementary Data 1 (`41467_2019_8329_MOESM5_ESM.xlsx`, sheet `ACE-tRNA sequences`) lists this exact ACE-tRNA sequence and tRNAscan-SE ID.	high
ensure-185	185	Tyr(UUA)		chr1.trna11	3	TyrTAAchr1.trna11	GGUAAAAUGGCUGAGUAAGCUUUAGACUUUAAAUCUAAAGAGAGAUUGAGCUCUCUUUUUACCA	1	PMID 30778053 Supplementary Data 1 (`41467_2019_8329_MOESM5_ESM.xlsx`, sheet `ACE-tRNA sequences`) lists this exact ACE-tRNA sequence and tRNAscan-SE ID.	high
ensure-186	186	Tyr(UUA)		chr1.trna52	4	TyrTAAchr1.trna52	GGUAAAAUGACUGAGUAAGCAUUAGACUUUAAAUCUAAAGACAGAGGUCAAGACCUCUUUUUACCA	1	PMID 30778053 Supplementary Data 1 (`41467_2019_8329_MOESM5_ESM.xlsx`, sheet `ACE-tRNA sequences`) lists this exact ACE-tRNA sequence and tRNAscan-SE ID.	high
ensure-188	188	Tyr(UUA)		chr9.trna2	6	TyrTAAchr9.trna2	GGUAAAAUGGCUGAGUAAGCAUUAGACUUUAAAUCUAAAGACAGAGGUCAAGGCCUUUUUACCA	1	PMID 30778053 Supplementary Data 1 (`41467_2019_8329_MOESM5_ESM.xlsx`, sheet `ACE-tRNA sequences`) lists this exact ACE-tRNA sequence and tRNAscan-SE ID.	high
ensure-192	192	Tyr(UUA)		chr7.trna28	10	TyrTAAchr7.trna28	UAUAGCUCAGUGGUAGAGCAUUUAACUUUAGAUCAAGAGGUCCCUGGAUCAACUCUGGGUG	1	PMID 30778053 Supplementary Data 1 (`41467_2019_8329_MOESM5_ESM.xlsx`, sheet `ACE-tRNA sequences`) lists this exact ACE-tRNA sequence and tRNAscan-SE ID.	high
ensure-193	193	Tyr(UUA)		chr15.trna6	11	TyrTAAchr15.trna6	GUCAGUGUUGCACAACGGUUAAGUGAAGAGGCUUUAAACCCAGACUGGAUGGGUUCAAUUCCCAUCUCUGCCG	1	PMID 30778053 Supplementary Data 1 (`41467_2019_8329_MOESM5_ESM.xlsx`, sheet `ACE-tRNA sequences`) lists this exact ACE-tRNA sequence and tRNAscan-SE ID.	high
ensure-218	218	Tyr(UUA)		chr1.trna127	36	TyrTAAchr1.trna127	GGUAAAAUGGCUGAGUGAAGCAUUGGACUUUAAAUCUAAAGACAGGGGUUAAGCCUCUUUUUACCA	1	PMID 30778053 Supplementary Data 1 (`41467_2019_8329_MOESM5_ESM.xlsx`, sheet `ACE-tRNA sequences`) lists this exact ACE-tRNA sequence and tRNAscan-SE ID.	high
ensure-219	219	Tyr(UUA)		chr10.trna3	37	TyrTAAchr10.trna3	GGUAAAAUGGCUGAGCAAGCAUUGGACUUUAAAUCUAAAGACAGAUGUUGAGCCAUCUUUUUAGCA	1	PMID 30778053 Supplementary Data 1 (`41467_2019_8329_MOESM5_ESM.xlsx`, sheet `ACE-tRNA sequences`) lists this exact ACE-tRNA sequence and tRNAscan-SE ID.	high
ensure-220	220	Tyr(UUA)		chr14.trna8	38	TyrTAAchr14.trna8	GGUAAAAUGGCUGAGUGAAGCAUUGGACUUUAAAUCUAAAGACAGGGGCUAAGCCUCUUUUUACCA	1	PMID 30778053 Supplementary Data 1 (`41467_2019_8329_MOESM5_ESM.xlsx`, sheet `ACE-tRNA sequences`) lists this exact ACE-tRNA sequence and tRNAscan-SE ID.	high
ensure-221	221	Tyr(UUA)		chr2.trna12	39	TyrTAAchr2.trna12	GGUAAAAUGGCUGAGCAAGCAUUAGACUUUAAAUCUAAAGACAGAGGUUAAGGCCUCUUUUUACCA	1	PMID 30778053 Supplementary Data 1 (`41467_2019_8329_MOESM5_ESM.xlsx`, sheet `ACE-tRNA sequences`) lists this exact ACE-tRNA sequence and tRNAscan-SE ID.	high
ensure-222	222	Tyr(UUA)		chr7.trna1	40	TyrTAAchr7.trna1	GGUAAAAUGGCUGAGUAAGCAUUAGACUUUAAAUCUAAAGACAGAGGUCAAGGCCUCUUUUUUCCU	1	PMID 30778053 Supplementary Data 1 (`41467_2019_8329_MOESM5_ESM.xlsx`, sheet `ACE-tRNA sequences`) lists this exact ACE-tRNA sequence and tRNAscan-SE ID.	high
ensure-223	223	Tyr(UUA)		chr7.trna2	41	TyrTAAchr7.trna2	GGUAAAAUGGCUGAGCAAGCAUUAGACUUUAAAUCUGAAAACAGAGGUCAAAGGUCUCUUUUUACCA	1	PMID 30778053 Supplementary Data 1 (`41467_2019_8329_MOESM5_ESM.xlsx`, sheet `ACE-tRNA sequences`) lists this exact ACE-tRNA sequence and tRNAscan-SE ID.	high
ensure-225	225	Tyr(UUA)		chr8.trna7	43	TyrTAAchr8.trna7	GGUAAAAUGACUGAAUAAGCCUUAGACUUUAAAUCUGAAGACAGAGGUCAAGGCCUCUUUUUACCA	1	PMID 30778053 Supplementary Data 1 (`41467_2019_8329_MOESM5_ESM.xlsx`, sheet `ACE-tRNA sequences`) lists this exact ACE-tRNA sequence and tRNAscan-SE ID.	high
ensure-226	226	Tyr(UUA)		chr9.trna10	44	TyrTAAchr9.trna10	GGUAAAAUGGCUGAGUAAGCAUUGGACUUUAAAUCUAAAGACAGAGGUCAAGACCUCUUUUUACCA	1	PMID 30778053 Supplementary Data 1 (`41467_2019_8329_MOESM5_ESM.xlsx`, sheet `ACE-tRNA sequences`) lists this exact ACE-tRNA sequence and tRNAscan-SE ID.	high
ensure-227	227	Tyr(UUA)		chr9.trna4	45	TyrTAAchr9.trna4	GGUAAAAUGGCUGAGUAAAGCAUUAGACUUUAAAUCUAAGGACAGAGGCUAAACCUCUUUUUACCA	1	PMID 30778053 Supplementary Data 1 (`41467_2019_8329_MOESM5_ESM.xlsx`, sheet `ACE-tRNA sequences`) lists this exact ACE-tRNA sequence and tRNAscan-SE ID.	high
ensure-230	230	Tyr(CUA)		chr1.trna11	3	TyrTAGchr1.trna11	GGUAAAAUGGCUGAGUAAGCUUUAGACUCUAAAUCUAAAGAGAGAUUGAGCUCUCUUUUUACCA	1	PMID 30778053 Supplementary Data 1 (`41467_2019_8329_MOESM5_ESM.xlsx`, sheet `ACE-tRNA sequences`) lists this exact ACE-tRNA sequence and tRNAscan-SE ID.	high
ensure-231	231	Tyr(CUA)		chr1.trna52	4	TyrTAGchr1.trna52	GGUAAAAUGACUGAGUAAGCAUUAGACUCUAAAUCUAAAGACAGAGGUCAAGACCUCUUUUUACCA	1	PMID 30778053 Supplementary Data 1 (`41467_2019_8329_MOESM5_ESM.xlsx`, sheet `ACE-tRNA sequences`) lists this exact ACE-tRNA sequence and tRNAscan-SE ID.	high
ensure-233	233	Tyr(CUA)		chr9.trna2	6	TyrTAGchr9.trna2	GGUAAAAUGGCUGAGUAAGCAUUAGACUCUAAAUCUAAAGACAGAGGUCAAGGCCUUUUUACCA	1	PMID 30778053 Supplementary Data 1 (`41467_2019_8329_MOESM5_ESM.xlsx`, sheet `ACE-tRNA sequences`) lists this exact ACE-tRNA sequence and tRNAscan-SE ID.	high
ensure-237	237	Tyr(CUA)		chr7.trna28	10	TyrTAGchr7.trna28	UAUAGCUCAGUGGUAGAGCAUUUAACUCUAGAUCAAGAGGUCCCUGGAUCAACUCUGGGUG	1	PMID 30778053 Supplementary Data 1 (`41467_2019_8329_MOESM5_ESM.xlsx`, sheet `ACE-tRNA sequences`) lists this exact ACE-tRNA sequence and tRNAscan-SE ID.	high
ensure-238	238	Tyr(CUA)		chr15.trna6	11	TyrTAGchr15.trna6	GUCAGUGUUGCACAACGGUUAAGUGAAGAGGCUCUAAACCCAGACUGGAUGGGUUCAAUUCCCAUCUCUGCCG	1	PMID 30778053 Supplementary Data 1 (`41467_2019_8329_MOESM5_ESM.xlsx`, sheet `ACE-tRNA sequences`) lists this exact ACE-tRNA sequence and tRNAscan-SE ID.	high
ensure-263	263	Tyr(CUA)		chr1.trna127	36	TyrTAGchr1.trna127	GGUAAAAUGGCUGAGUGAAGCAUUGGACUCUAAAUCUAAAGACAGGGGUUAAGCCUCUUUUUACCA	1	PMID 30778053 Supplementary Data 1 (`41467_2019_8329_MOESM5_ESM.xlsx`, sheet `ACE-tRNA sequences`) lists this exact ACE-tRNA sequence and tRNAscan-SE ID.	high
ensure-264	264	Tyr(CUA)		chr10.trna3	37	TyrTAGchr10.trna3	GGUAAAAUGGCUGAGCAAGCAUUGGACUCUAAAUCUAAAGACAGAUGUUGAGCCAUCUUUUUAGCA	1	PMID 30778053 Supplementary Data 1 (`41467_2019_8329_MOESM5_ESM.xlsx`, sheet `ACE-tRNA sequences`) lists this exact ACE-tRNA sequence and tRNAscan-SE ID.	high
ensure-265	265	Tyr(CUA)		chr14.trna8	38	TyrTAGchr14.trna8	GGUAAAAUGGCUGAGUGAAGCAUUGGACUCUAAAUCUAAAGACAGGGGCUAAGCCUCUUUUUACCA	1	PMID 30778053 Supplementary Data 1 (`41467_2019_8329_MOESM5_ESM.xlsx`, sheet `ACE-tRNA sequences`) lists this exact ACE-tRNA sequence and tRNAscan-SE ID.	high
ensure-266	266	Tyr(CUA)		chr2.trna12	39	TyrTAGchr2.trna12	GGUAAAAUGGCUGAGCAAGCAUUAGACUCUAAAUCUAAAGACAGAGGUUAAGGCCUCUUUUUACCA	1	PMID 30778053 Supplementary Data 1 (`41467_2019_8329_MOESM5_ESM.xlsx`, sheet `ACE-tRNA sequences`) lists this exact ACE-tRNA sequence and tRNAscan-SE ID.	high
ensure-267	267	Tyr(CUA)		chr7.trna1	40	TyrTAGchr7.trna1	GGUAAAAUGGCUGAGUAAGCAUUAGACUCUAAAUCUAAAGACAGAGGUCAAGGCCUCUUUUUUCCU	1	PMID 30778053 Supplementary Data 1 (`41467_2019_8329_MOESM5_ESM.xlsx`, sheet `ACE-tRNA sequences`) lists this exact ACE-tRNA sequence and tRNAscan-SE ID.	high
ensure-268	268	Tyr(CUA)		chr7.trna2	41	TyrTAGchr7.trna2	GGUAAAAUGGCUGAGCAAGCAUUAGACUCUAAAUCUGAAAACAGAGGUCAAAGGUCUCUUUUUACCA	1	PMID 30778053 Supplementary Data 1 (`41467_2019_8329_MOESM5_ESM.xlsx`, sheet `ACE-tRNA sequences`) lists this exact ACE-tRNA sequence and tRNAscan-SE ID.	high
ensure-270	270	Tyr(CUA)		chr8.trna7	43	TyrTAGchr8.trna7	GGUAAAAUGACUGAAUAAGCCUUAGACUCUAAAUCUGAAGACAGAGGUCAAGGCCUCUUUUUACCA	1	PMID 30778053 Supplementary Data 1 (`41467_2019_8329_MOESM5_ESM.xlsx`, sheet `ACE-tRNA sequences`) lists this exact ACE-tRNA sequence and tRNAscan-SE ID.	high
ensure-271	271	Tyr(CUA)		chr9.trna10	44	TyrTAGchr9.trna10	GGUAAAAUGGCUGAGUAAGCAUUGGACUCUAAAUCUAAAGACAGAGGUCAAGACCUCUUUUUACCA	1	PMID 30778053 Supplementary Data 1 (`41467_2019_8329_MOESM5_ESM.xlsx`, sheet `ACE-tRNA sequences`) lists this exact ACE-tRNA sequence and tRNAscan-SE ID.	high
ensure-272	272	Tyr(CUA)		chr9.trna4	45	TyrTAGchr9.trna4	GGUAAAAUGGCUGAGUAAAGCAUUAGACUCUAAAUCUAAGGACAGAGGCUAAACCUCUUUUUACCA	1	PMID 30778053 Supplementary Data 1 (`41467_2019_8329_MOESM5_ESM.xlsx`, sheet `ACE-tRNA sequences`) lists this exact ACE-tRNA sequence and tRNAscan-SE ID.	high
ensure-273	273	Leu(UUA)		chr4.trna2	1	LeuTAAchr4.trna2	GUUAAGAUGGCAGAGCCUGGUAAUUGCAUUAAACUUAAAAUUUUAUAAUCAGAGGUUCAACUCCUCUUCUUAACA	1	PMID 30778053 Supplementary Data 1 (`41467_2019_8329_MOESM5_ESM.xlsx`, sheet `ACE-tRNA sequences`) lists this exact ACE-tRNA sequence and tRNAscan-SE ID.	high
ensure-274	274	Leu(UUA)		chrX.trna2	2	LeuTAAnmtchrX.trna2	GUUAAGAUGGCAGAGCCCGGCAAUUGCAUUAGACUUAAAACUUUAUAAUCAGAGGUUCAACUCCUCUCAUUAACA	1	PMID 30778053 Supplementary Data 1 (`41467_2019_8329_MOESM5_ESM.xlsx`, sheet `ACE-tRNA sequences`) lists this exact ACE-tRNA sequence and tRNAscan-SE ID.	high
ensure-292	292	Leu(UUA)		chr9.trna3	20	LeuTAAchr9.trna3	GGUUCCAUGGUGUAAUGGUGAGCACUCUGGACUUUAAAUCCAGAAGUAGUGCUGGAACAA	1	PMID 30778053 Supplementary Data 1 (`41467_2019_8329_MOESM5_ESM.xlsx`, sheet `ACE-tRNA sequences`) lists this exact ACE-tRNA sequence and tRNAscan-SE ID.	high
ensure-299	299	Leu(UUA)		chr1.trna9	27	LeuTAAchr1.trna9	GAGAAAGUCAUCGUAGUUACGAAGUUGGCUUUAACCCAGUUUUGGGAGGUUCAAUUCCUUCCUUUCUCU	1	PMID 30778053 Supplementary Data 1 (`41467_2019_8329_MOESM5_ESM.xlsx`, sheet `ACE-tRNA sequences`) lists this exact ACE-tRNA sequence and tRNAscan-SE ID.	high
ensure-305	305	Leu(CUA)		chr4.trna2	1	LeuTAGchr4.trna2	GUUAAGAUGGCAGAGCCUGGUAAUUGCACUAAACUUAAAAUUUUAUAAUCAGAGGUUCAACUCCUCUUCUUAACA	1	PMID 30778053 Supplementary Data 1 (`41467_2019_8329_MOESM5_ESM.xlsx`, sheet `ACE-tRNA sequences`) lists this exact ACE-tRNA sequence and tRNAscan-SE ID.	high
ensure-306	306	Leu(CUA)		chrX.trna2	2	LeuTAGnmtchrX.trna2	GUUAAGAUGGCAGAGCCCGGCAAUUGCACUAGACUUAAAACUUUAUAAUCAGAGGUUCAACUCCUCUCAUUAACA	1	PMID 30778053 Supplementary Data 1 (`41467_2019_8329_MOESM5_ESM.xlsx`, sheet `ACE-tRNA sequences`) lists this exact ACE-tRNA sequence and tRNAscan-SE ID.	high
ensure-324	324	Leu(CUA)		chr9.trna3	20	LeuTAGchr9.trna3	GGUUCCAUGGUGUAAUGGUGAGCACUCUGGACUCUAAAUCCAGAAGUAGUGCUGGAACAA	1	PMID 30778053 Supplementary Data 1 (`41467_2019_8329_MOESM5_ESM.xlsx`, sheet `ACE-tRNA sequences`) lists this exact ACE-tRNA sequence and tRNAscan-SE ID.	high
ensure-331	331	Leu(CUA)		chr1.trna9	27	LeuTAGchr1.trna9	GAGAAAGUCAUCGUAGUUACGAAGUUGGCUCUAACCCAGUUUUGGGAGGUUCAAUUCCUUCCUUUCUCU	1	PMID 30778053 Supplementary Data 1 (`41467_2019_8329_MOESM5_ESM.xlsx`, sheet `ACE-tRNA sequences`) lists this exact ACE-tRNA sequence and tRNAscan-SE ID.	high
ensure-337	337	Leu(UCA)		chr4.trna2	1	LeuTGAchr4.trna2	GUUAAGAUGGCAGAGCCUGGUAAUUGCAUCAAACUUAAAAUUUUAUAAUCAGAGGUUCAACUCCUCUUCUUAACA	1	PMID 30778053 Supplementary Data 1 (`41467_2019_8329_MOESM5_ESM.xlsx`, sheet `ACE-tRNA sequences`) lists this exact ACE-tRNA sequence and tRNAscan-SE ID.	high
ensure-338	338	Leu(UCA)		chrX.trna2	2	LeuTGAnmtchrX.trna2	GUUAAGAUGGCAGAGCCCGGCAAUUGCAUCAGACUUAAAACUUUAUAAUCAGAGGUUCAACUCCUCUCAUUAACA	1	PMID 30778053 Supplementary Data 1 (`41467_2019_8329_MOESM5_ESM.xlsx`, sheet `ACE-tRNA sequences`) lists this exact ACE-tRNA sequence and tRNAscan-SE ID.	high
ensure-356	356	Leu(UCA)		chr9.trna3	20	LeuTGAchr9.trna3	GGUUCCAUGGUGUAAUGGUGAGCACUCUGGACUUCAAAUCCAGAAGUAGUGCUGGAACAA	1	PMID 30778053 Supplementary Data 1 (`41467_2019_8329_MOESM5_ESM.xlsx`, sheet `ACE-tRNA sequences`) lists this exact ACE-tRNA sequence and tRNAscan-SE ID.	high
ensure-363	363	Leu(UCA)		chr1.trna9	27	LeuTGAchr1.trna9	GAGAAAGUCAUCGUAGUUACGAAGUUGGCUUCAACCCAGUUUUGGGAGGUUCAAUUCCUUCCUUUCUCU	1	PMID 30778053 Supplementary Data 1 (`41467_2019_8329_MOESM5_ESM.xlsx`, sheet `ACE-tRNA sequences`) lists this exact ACE-tRNA sequence and tRNAscan-SE ID.	high
ensure-369	369	Ser(UUA)		chr2.trna19	1	SerTAAnmtchr2.trna19	GAGAAGGUCACAGAGGUUAUGGGAUUGGCUUUAAACCAGUCUGUGGGGGGUUCGAUUCCCUCCUUUUUCA	1	PMID 30778053 Supplementary Data 1 (`41467_2019_8329_MOESM5_ESM.xlsx`, sheet `ACE-tRNA sequences`) lists this exact ACE-tRNA sequence and tRNAscan-SE ID.	high
ensure-370	370	Ser(UUA)		chr2.trna7	2	SerTAAnmtchr2.trna7	GAGAAGGUCAUAGAGGUUAUGGGAUUGGCUUUAAACCAGUCUCUGGGGGGUUCGAUUCCCUCCUUUUUCA	1	PMID 30778053 Supplementary Data 1 (`41467_2019_8329_MOESM5_ESM.xlsx`, sheet `ACE-tRNA sequences`) lists this exact ACE-tRNA sequence and tRNAscan-SE ID.	high
ensure-371	371	Ser(UUA)		chr17.trna31	3	SerTAAnmtchr17.trna31	GAAAAAGUCAUAGGGGUUAUGAGGCUGGCUUUAAACCAGCCUUAGGAGGUUCAAUUCCUUCCUUUUUUG	1	PMID 30778053 Supplementary Data 1 (`41467_2019_8329_MOESM5_ESM.xlsx`, sheet `ACE-tRNA sequences`) lists this exact ACE-tRNA sequence and tRNAscan-SE ID.	high
ensure-378	378	Ser(UUA)		chr11.trna8	10	SerTAAchr11.trna8	CAAGAAAUUCAUAGAGGUUAUGGGAUUGGCUUUAAACCAGUUUCAGGAGGUUCGAUUCCUUCCUUUUUGG	1	PMID 30778053 Supplementary Data 1 (`41467_2019_8329_MOESM5_ESM.xlsx`, sheet `ACE-tRNA sequences`) lists this exact ACE-tRNA sequence and tRNAscan-SE ID.	high
ensure-385	385	Ser(UUA)		chr11.trna6	17	SerTAAchr11.trna6	GGCCGGUUAGCUCAGUUGGUUAGAGCGUGCUUUAACUAAUGCCAGGGUCGAGGUUUCGAUCCCCGUACGGGCCU	1	PMID 30778053 Supplementary Data 1 (`41467_2019_8329_MOESM5_ESM.xlsx`, sheet `ACE-tRNA sequences`) lists this exact ACE-tRNA sequence and tRNAscan-SE ID.	high
ensure-392	392	Ser(CUA)		chr2.trna19	1	SerTAGnmtchr2.trna19	GAGAAGGUCACAGAGGUUAUGGGAUUGGCUCUAAACCAGUCUGUGGGGGGUUCGAUUCCCUCCUUUUUCA	1	PMID 30778053 Supplementary Data 1 (`41467_2019_8329_MOESM5_ESM.xlsx`, sheet `ACE-tRNA sequences`) lists this exact ACE-tRNA sequence and tRNAscan-SE ID.	high
ensure-393	393	Ser(CUA)		chr2.trna7	2	SerTAGnmtchr2.trna7	GAGAAGGUCAUAGAGGUUAUGGGAUUGGCUCUAAACCAGUCUCUGGGGGGUUCGAUUCCCUCCUUUUUCA	1	PMID 30778053 Supplementary Data 1 (`41467_2019_8329_MOESM5_ESM.xlsx`, sheet `ACE-tRNA sequences`) lists this exact ACE-tRNA sequence and tRNAscan-SE ID.	high
ensure-394	394	Ser(CUA)		chr17.trna31	3	SerTAGnmtchr17.trna31	GAAAAAGUCAUAGGGGUUAUGAGGCUGGCUCUAAACCAGCCUUAGGAGGUUCAAUUCCUUCCUUUUUUG	1	PMID 30778053 Supplementary Data 1 (`41467_2019_8329_MOESM5_ESM.xlsx`, sheet `ACE-tRNA sequences`) lists this exact ACE-tRNA sequence and tRNAscan-SE ID.	high
ensure-401	401	Ser(CUA)		chr11.trna8	10	SerTAGchr11.trna8	CAAGAAAUUCAUAGAGGUUAUGGGAUUGGCUCUAAACCAGUUUCAGGAGGUUCGAUUCCUUCCUUUUUGG	1	PMID 30778053 Supplementary Data 1 (`41467_2019_8329_MOESM5_ESM.xlsx`, sheet `ACE-tRNA sequences`) lists this exact ACE-tRNA sequence and tRNAscan-SE ID.	high
ensure-408	408	Ser(CUA)		chr11.trna6	17	SerTAGchr11.trna6	GGCCGGUUAGCUCAGUUGGUUAGAGCGUGCUCUAACUAAUGCCAGGGUCGAGGUUUCGAUCCCCGUACGGGCCU	1	PMID 30778053 Supplementary Data 1 (`41467_2019_8329_MOESM5_ESM.xlsx`, sheet `ACE-tRNA sequences`) lists this exact ACE-tRNA sequence and tRNAscan-SE ID.	high
ensure-415	415	Ser(UCA)		chr2.trna19	1	SerTGAnmtchr2.trna19	GAGAAGGUCACAGAGGUUAUGGGAUUGGCUUCAAACCAGUCUGUGGGGGGUUCGAUUCCCUCCUUUUUCA	1	PMID 30778053 Supplementary Data 1 (`41467_2019_8329_MOESM5_ESM.xlsx`, sheet `ACE-tRNA sequences`) lists this exact ACE-tRNA sequence and tRNAscan-SE ID.	high
ensure-416	416	Ser(UCA)		chr2.trna7	2	SerTGAnmt-chr2.trna7	GAGAAGGUCAUAGAGGUUAUGGGAUUGGCUUCAAACCAGUCUCUGGGGGGUUCGAUUCCCUCCUUUUUCA	1	PMID 30778053 Supplementary Data 1 (`41467_2019_8329_MOESM5_ESM.xlsx`, sheet `ACE-tRNA sequences`) lists this exact ACE-tRNA sequence and tRNAscan-SE ID.	high
ensure-417	417	Ser(UCA)		chr17.trna31	3	SerTGAnmtchr17.trna31	GAAAAAGUCAUAGGGGUUAUGAGGCUGGCUUCAAACCAGCCUUAGGAGGUUCAAUUCCUUCCUUUUUUG	1	PMID 30778053 Supplementary Data 1 (`41467_2019_8329_MOESM5_ESM.xlsx`, sheet `ACE-tRNA sequences`) lists this exact ACE-tRNA sequence and tRNAscan-SE ID.	high
ensure-424	424	Ser(UCA)		chr11.trna8	10	SerTGAchr11.trna8	CAAGAAAUUCAUAGAGGUUAUGGGAUUGGCUUCAAACCAGUUUCAGGAGGUUCGAUUCCUUCCUUUUUGG	1	PMID 30778053 Supplementary Data 1 (`41467_2019_8329_MOESM5_ESM.xlsx`, sheet `ACE-tRNA sequences`) lists this exact ACE-tRNA sequence and tRNAscan-SE ID.	high
ensure-431	431	Ser(UCA)		chr11.trna6	17	SerTGAchr11.trna6	GGCCGGUUAGCUCAGUUGGUUAGAGCGUGCUUCAACUAAUGCCAGGGUCGAGGUUUCGAUCCCCGUACGGGCCU	1	PMID 30778053 Supplementary Data 1 (`41467_2019_8329_MOESM5_ESM.xlsx`, sheet `ACE-tRNA sequences`) lists this exact ACE-tRNA sequence and tRNAscan-SE ID.	high
ensure-499	499	Cys(UCA)		chr5.trna30	2	CysTGAchr5.trna30	GGCUGUAUAGCUCAGUGGUAGAGCAUUUGACUUCAGAAUCCUAUACUCAGGGGAAGGAGAACUGGGGGUUUCUCAGUGGGUCAAAGGACUUGUAGUGGUAAAUCAAAAGCAACUCUAUAAGCUAUGUAACAAACUUUAAAGUCAUAUGUAGCUGGGUUCAAAUCCUGUUUCUGCCA	1	PMID 30778053 Supplementary Data 1 (`41467_2019_8329_MOESM5_ESM.xlsx`, sheet `ACE-tRNA sequences`) lists this exact ACE-tRNA sequence and tRNAscan-SE ID.	high
